관리기관명,소재지도로명주소,소재지지번주소,설치목적구분,카메라대수,카메라화소수,촬영방면정보,보관일수,설치년월,관리기관전화번호,위도,경도,데이터기준일자
서울특별시 노원구청,서울특별시 노원구 석계로13길25 장은아파트주변,서울특별시 노원구 월계1동 429-5 장은아파트 주변,생활방범,1,130,,30,12.Jan,02-2116-4919,37.620141,127.061339,2016.6.15
서울특별시 노원구청,서울특별시 노원구 광운로2나길23 삼창아파트입구,서울특별시 노원구 월계1동 447-2 삼창아파트 입구,생활방범,1,41,,30,6.Jan,02-2116-4919,37.617394,127.060496,2016.6.15
서울특별시 노원구청,서울특별시 노원구 석계로3길3 세븐일레븐앞,서울특별시 노원구 월계1동 59-3 세븐일레븐 앞,생활방범,1,130,,30,12.Jan,02-2116-4919,37.615516,127.064325,2016.6.15
서울특별시 노원구청,서울특별시 노원구 석계로39 카센터앞,서울특별시 노원구 월계1동 76-2 주택가 입구 (카센터앞),생활방범,1,41,,30,7.Jan,02-2116-4919,37.618263,127.063649,2016.6.15
서울특별시 노원구청,서울특별시 노원구 초안산로2길 106-18 월계남부역,서울특별시 노원구 월계2동 272-78 월계남부역 주변,생활방범,1,41,,30,6.Jan,02-2116-4919,37.632705,127.058513,2016.6.15
서울특별시 노원구청,서울특별시 노원구 광운로17길 45 기원사입구,서울특별시 노원구 월계1동 392-76 기원사 입구,생활방범,1,130,,30,6.Jan,02-2116-4919,37.622191,127.057034,2016.6.15
서울특별시 노원구청,서울특별시 노원구 월계로44길51 교육촌입구,서울특별시 노원구 월계1동 534-170 교육촌 입구,생활방범,1,130,,30,12.Jan,02-2116-4919,37.622955,127.052447,2016.6.15
서울특별시 노원구청,서울특별시 노원구 월계로53길 17 월계지하차도인근,서울특별시 노원구 월계2동 276-22 월계지하차도 위,생활방범,1,41,,30,6.Jan,02-2116-4919,37.630881,127.058612,2016.6.15
서울특별시 노원구청,서울특별시 노원구 초안산로2길 60 인덕공고담장,서울특별시 노원구 월계2동 633-1 인덕공고 담장,생활방범,1,130,,30,12.Jan,02-2116-4919,37.631321,127.056657,2016.6.15
서울특별시 노원구청,서울특별시 노원구 월계로42길15 장석교회주변,서울특별시 노원구 월계1동 875-1 장석교회 앞 우이천변 도로,생활방범,1,41,,30,5.Jan,02-2116-4919,37.623949,127.050917,2016.6.15
서울특별시 노원구청,서울특별시 노원구 석계로95 광운대역앞,서울특별시 노원구 월계1동 411-53 광운대역앞,생활방범,1,130,,30,7.Jan,02-2116-4919,37.622912,127.061162,2016.6.15
서울특별시 노원구청,서울특별시 노원구 동일로190길 46 광명철물앞,서울특별시 노원구 공릉1동 503-1 광명철물 앞,생활방범,1,130,,30,6.Jan,02-2116-4919,37.62596,127.075699,2016.6.15
서울특별시 노원구청,서울특별시 노원구 공릉로 111-1 개미공원,서울특별시 노원구 공릉1동 633-9 개미공원 입구,생활방범,1,41,,30,6.Jan,02-2116-4919,37.620294,127.077744,2016.6.15
서울특별시 노원구청,서울특별시 노원구 덕릉로 115다길 52 당고개역 2번출구,"서울특별시 노원구 상계3,4동 65-36 당고개역 2번출구",생활방범,1,41,,30,6.Jan,02-2116-4919,37.669538,127.079087,2016.6.15
서울특별시 노원구청,서울특별시 노원구 동일로173가길 2 공릉초교옆,서울특별시 노원구 공릉1동 683-1 공릉초교 옆,생활방범,1,41,,30,6.Jan,02-2116-4919,37.61842,127.073906,2016.6.15
서울특별시 노원구청,서울특별시 노원구 동일로182길 6-11 도깨비시장인근,서울특별시 노원구 공릉1동 567-14 도깨비시장인근,생활방범,1,41,,30,10.Jan,02-2116-4919,37.622822,127.074819,2016.6.15
서울특별시 노원구청,서울특별시 노원구 공릉로34길 34 씨유편의점앞,서울특별시 노원구 공릉2동 248-8 C&U 앞,생활방범,1,200,,30,6.Jan,02-2116-4919,37.622947,127.080929,2016.6.15
서울특별시 노원구청,서울특별시 노원구 공릉로41길 17 세븐일레븐앞,서울특별시 노원구 공릉2동 415-64 세븐일레븐 앞,생활방범,1,41,,30,5.Jan,02-2116-4919,37.624478,127.078614,2016.6.15
서울특별시 노원구청,서울특별시 노원구 공릉로43가길 16 ,서울특별시 노원구 공릉2동 441-105 골목,생활방범,1,41,,30,7.Jan,02-2116-4919,37.626584,127.078014,2016.6.15
서울특별시 노원구청,서울특별시 노원구 공릉로58길 144 하계어린이집앞,서울특별시 노원구 하계1동 252-11 하계어린이집 앞,생활방범,1,200,,30,6.Jan,02-2116-4919,37.636605,127.076087,2016.6.15
서울특별시 노원구청,서울특별시 노원구 동일로56 하계역3번출구,서울특별시 노원구 하계1동 280 하계역 3번 출구 앞,생활방범,1,41,,30,5.Jan,02-2116-4919,37.634779,127.069563,2016.6.15
서울특별시 노원구청,서울특별시 노원구 공릉로 320 해바라기공원앞,서울특별시 노원구 하계1동 278-5 해바라기 공원,생활방범,1,41,,30,7.Jan,02-2116-4919,37.63507,127.070895,2016.6.15
서울특별시 노원구청,서울특별시 노원구 한글비석로 254 신한은행뒷길,서울특별시 노원구 중계본동 364-24 신한은행 뒷길,생활방범,1,41,,30,5.Jan,02-2116-4919,37.650437,127.077754,2016.6.15
서울특별시 노원구청,서울특별시 노원구 중계로16나길 3 영신여고앞,서울특별시 노원구 중계본동 107-44 영신여고 앞,생활방범,1,41,,30,6.Jan,02-2116-4919,37.651389,127.081921,2016.6.15
서울특별시 노원구청,서울특별시 노원구 동일로208길 19 중계역2번출구앞,"서울특별시 노원구 중계2,3동 513-2 중계역 2번출구 앞",생활방범,1,200,,30,6.Jan,02-2116-4919,37.644717,127.065208,2016.6.15
서울특별시 노원구청,서울특별시 노원구 동일로241가길 21 두산아파트후문,서울특별시 노원구 상계1동 1105-70 두산아파트 후문,생활방범,1,41,,30,6.Jan,02-2116-4919,37.676391,127.053632,2016.6.15
서울특별시 노원구청,서울특별시 노원구 동일로237길 46 현대1차입구,서울특별시 노원구 상계1동 1048-6 현대1차(아) 입구,생활방범,1,41,,30,6.Jan,02-2116-4919,37.673619,127.052833,2016.6.15
서울특별시 노원구청,서울특별시 노원구 동일로230다길 74 하트마트앞,서울특별시 노원구 상계1동 1007-14 하트마트 앞,생활방범,1,41,,30,6.Jan,02-2116-4919,37.674474,127.05805,2016.6.15
서울특별시 노원구청,서울특별시 노원구 동일로230가길 50 진양주류앞,서울특별시 노원구 상계1동 1025-37 진양주류 앞,생활방범,1,41,,30,6.Jan,02-2116-4919,37.673774,127.056656,2016.6.15
서울특별시 노원구청,서울특별시 노원구 동일로242나길 14  두부마을앞,서울특별시 노원구 상계1동 1117-39 두부마을 앞,생활방범,1,41,,30,6.Jan,02-2116-4919,37.676157,127.056504,2016.6.15
서울특별시 노원구청,서울특별시 노원구 동일로 1661 수락산역4번출구,서울특별시 노원구 상계1동 1132-34 수락산역 4번출구,생활방범,1,41,,30,7.Jan,02-2116-4919,37.676825,127.054912,2016.6.15
서울특별시 노원구청,서울특별시 노원구 한글비석로23길 15 벽산아파트 담벼락,서울특별시 노원구 상계5동 173-2 벽산아파트 담벼락,생활방범,1,130,,30,12.Jan,02-2116-4919,37.659936,127.071699,2016.6.15
서울특별시 노원구청,서울특별시 노원구 노해로81길 12-41 떡삼시대앞,서울특별시 노원구 상계2동 328-8 떡쌈시대 앞,생활방범,1,200,,30,6.Jan,02-2116-4919,37.655781,127.064165,2016.6.15
서울특별시 노원구청,서울특별시 노원구 상계로3길 10  금호플라자앞,서울특별시 노원구 상계2동 593-3 금호프라자 앞,생활방범,1,41,,30,6.Jan,02-2116-4919,37.656658,127.062543,2016.6.15
서울특별시 노원구청,서울특별시 노원구 상계로 59 노원문고앞,서울특별시 노원구 상계2동 603-14  노원문고 앞,생활방범,1,41,,30,6.Jan,02-2116-4919,37.65633,127.06175,2016.6.15
서울특별시 노원구청,서울특별시 노원구 상계로1길 62-57 ,서울특별시 노원구 상계2동 581-214 현대(아) 101동 뒷골목,생활방범,1,41,,30,6.Jan,02-2116-4919,37.658985,127.062434,2016.6.15
서울특별시 노원구청,서울특별시 노원구 상계로27길 48 중앙시장입구,서울특별시 노원구 상계5동 389-599 중앙시장 입구 (중앙과일 건어물),생활방범,1,41,,30,6.Jan,02-2116-4919,37.660348,127.069196,2016.6.15
서울특별시 노원구청,서울특별시 노원구 상계로27길 26 중앙시장 농협앞,서울특별시 노원구 상계5동 389-638 중앙시장앞 삼거리(농협앞),생활방범,1,41,,30,6.Jan,02-2116-4919,37.659628,127.070102,2016.6.15
서울특별시 노원구청,서울특별시 노원구 노원로30길 32 상계제일교회,서울특별시 노원구 상계2동 320-87 상계제일교회 (꽃동산교회),생활방범,1,41,,30,6.Jan,02-2116-4919,37.654485,127.069282,2016.6.15
서울특별시 노원구청,서울특별시 노원구 상계로 81 노원역10번출구,서울특별시 노원구 상계2동 338-1 동양메이저 입구 (노원10출구),생활방범,1,41,,30,6.Jan,02-2116-4919,37.656603,127.063925,2016.6.15
서울특별시 노원구청,서울특별시 노원구 노원로 461 (구)한우리부페,서울특별시 노원구 상계2동 366-4 뉴스터디학원 옆(한우리뷔페),생활방범,1,41,,30,6.Jan,02-2116-4919,37.657392,127.06559,2016.6.15
서울특별시 노원구청,서울특별시 노원구 노해로85길 10-17 와우쇼핑몰뒷길,"서울특별시 노원구 상계2동 330-33 와우쇼핑몰 뒷길 (sk에너지,상계주유소)",생활방범,1,200,,30,7.Jan,02-2116-4919,37.656143,127.066023,2016.6.15
서울특별시 노원구청,서울특별시 노원구 덕릉로124길28-2 덕우빌라주변,"서울특별시 노원구 상계3,4동 72-74 덕우빌라 주변",생활방범,1,41,,30,6.Jan,02-2116-4919,37.669106,127.081837,2016.6.15
서울특별시 노원구청,서울특별시 노원구 한글비석로24바길 54 다정어린이집앞,"서울특별시 노원구 상계3,4동 138-154 다정어린이집 앞",생활방범,1,41,,30,6.Jan,02-2116-4919,37.665278,127.071648,2016.6.15
서울특별시 노원구청,서울특별시 노원구 한글비석로24바길 27 공영주차장앞,"서울특별시 노원구 상계3,4동 138-43 공영주차장 (갈릴리교회)",생활방범,1,41,,30,7.Jan,02-2116-4919,37.664316,127.072538,2016.6.15
서울특별시 노원구청,서울특별시 노원구 덕릉로130길 12 상계2동어린이집인근,"서울특별시 노원구 상계3,4동 71-53 삼거리 부근",생활방범,1,41,,30,6.Jan,02-2116-4919,37.671929,127.083619,2016.6.15
서울특별시 노원구청,서울특별시 노원구 덕릉로126나길 24 희망촌입구,"서울특별시 노원구 상계3,4동 71-181 희망촌 입구",생활방범,1,41,,30,6.Jan,02-2116-4919,37.670335,127.083317,2016.6.15
서울특별시 노원구청,서울특별시 노원구 상계로269 당고개공원내,"서울특별시 노원구 상계3,4동 21-3 당고개공원 내",생활방범,1,41,,30,5.Jan,02-2116-4919,37.668151,127.076531,2016.6.15
서울특별시 노원구청,서울특별시 노원구 한글비석로24길 7 새마을금고앞,서울특별시 노원구 상계5동 169-181 새마을금고 앞,생활방범,1,41,,30,7.Jan,02-2116-4919,37.661368,127.071405,2016.6.15
서울특별시 노원구청,서울특별시 노원구 동일로218가길 17 우리은행뒷,"서울특별시 노원구 상계6,7동 727 우리은행 뒷골목 (근호빌딩)",생활방범,1,130,,30,6.Jan,02-2116-4919,37.656271,127.062407,2016.6.15
서울특별시 노원구청,서울특별시 노원구 노해로502 노원kt앞,"서울특별시 노원구 상계6,7동 725-4 노원전화국 앞",생활방범,1,41,,30,7.Jan,02-2116-4919,37.654381,127.063666,2016.6.15
서울특별시 노원구청,서울특별시 노원구 동일로228길 23 상원중학교입구,서울특별시 노원구 상계9동 631-1 주공14단지 입구 (상원중),생활방범,1,41,,30,6.Jan,02-2116-4919,37.669162,127.058589,2016.6.15
서울특별시 노원구청,서울특별시 노원구 공릉로58나길 9 주택가,서울특별시 노원구 하계1동 167-44 (다세대 주택가),생활방범,1,41,,30,8.Jan,02-2116-4919,37.635971,127.073395,2016.6.15
서울특별시 노원구청,서울특별시 노원구 동일로178길 29-4 필부동산,서울특별시 노원구 공릉1동 585-21 (주택가),생활방범,1,41,,30,8.Jan,02-2116-4919,37.621599,127.076371,2016.6.15
서울특별시 노원구청,서울특별시 노원구 덕릉로115나길 25 복지회관사거리,"서울특별시 노원구 상계3,4동 101-135 (복지회관 사거리)",생활방범,1,41,,30,8.Jan,02-2116-4919,37.667846,127.078346,2016.6.15
서울특별시 노원구청,서울특별시 노원구 한글비석로47길 45-12 주택가,서울특별시 노원구 상계5동 449-25 앞 골목 (단독주택),생활방범,1,130,,30,8.Jan,02-2116-4919,37.661976,127.067378,2016.6.15
서울특별시 노원구청,서울특별시 노원구 상계로18길 30 주택가,서울특별시 노원구 상계2동 177-108 (주택가),생활방범,1,41,,30,8.Jan,02-2116-4919,37.65697,127.069696,2016.6.15
서울특별시 노원구청,서울특별시 노원구 노원로16길82 서라벌고후문,서울특별시 노원구 하계1동 256-27 (서라벌고등학교 후문) (근린공원 삼거리),생활방범,1,41,,30,8.Jan,02-2116-4919,37.642984,127.074263,2016.6.15
서울특별시 노원구청,서울특별시 노원구 한글비석로15길 27 중계초교후문,서울특별시 노원구 중계4동 449-2 (중계초등학교 후문),생활방범,1,41,,30,8.Jan,02-2116-4919,37.65699,127.074131,2016.6.15
서울특별시 노원구청,서울특별시 노원구 중계로19길 16 은행사거리두타빌뒤,서울특별시 노원구 중계1동 360-4 (청구중계3차 104동앞),생활방범,1,41,,30,8.Jan,02-2116-4919,37.649093,127.076144,2016.6.15
서울특별시 노원구청,서울특별시 노원구 공릉로32길 54 고려빌딩,서울특별시 노원구 공릉2동 240-335 삼거리(고려빌딩 앞),생활방범,1,41,,30,8.Jan,02-2116-4919,37.62167,127.082056,2016.6.15
서울특별시 노원구청,서울특별시 노원구 공릉로20길 12 태릉교회앞,서울특별시 노원구 공릉1동 645-7 ( 장미빌딩 옆),생활방범,1,41,,30,8.Jan,02-2116-4919,37.619315,127.079007,2016.6.15
서울특별시 노원구청,서울특별시 노원구 광운로122 노원변전소앞,서울특별시 노원구 월계1동 298-8 노원변전소,생활방범,1,41,,30,9.Jan,02-2116-4919,37.628233,127.059379,2016.6.15
서울특별시 노원구청,서울특별시 노원구 화랑로47길 31 주택가삼거리,서울특별시 노원구 월계3동 37-17 주택가삼거리 (풍림아이원),생활방범,1,41,,30,9.Jan,02-2116-4919,37.616156,127.066114,2016.6.15
서울특별시 노원구청,서울특별시 노원구 화랑로47길 18 ,서울특별시 노원구 월계3동 28-2 주택가삼거리 (풍림아이원),생활방범,1,130,,30,12.Jan,02-2116-4919,37.616108,127.066839,2016.6.15
서울특별시 노원구청,서울특별시 노원구 광운로2나길 11 우리할인마트,서울특별시 노원구 월계1동 475-35 한일마트삼거리,생활방범,1,41,,30,9.Jan,02-2116-4919,37.616853,127.060076,2016.6.15
서울특별시 노원구청,서울특별시 노원구 동일로186길 69 해오라기공원,서울특별시 노원구 공릉1동 506-1 해오라기 공원 ,생활방범,1,41,,30,9.Jan,02-2116-4919,37.625401,127.076658,2016.6.15
서울특별시 노원구청,서울특별시 노원구 공릉로42길 83 조은부동산,서울특별시 노원구 공릉2동 230-16,생활방범,1,41,,30,9.Jan,02-2116-4919,37.625244,127.084044,2016.6.15
서울특별시 노원구청,서울특별시 노원구 한글비석로20길 23 필부동산앞,서울특별시 노원구 중계4동 142-45 필부동산앞,생활방범,1,41,,30,9.Jan,02-2116-4919,37.660277,127.073826,2016.6.15
서울특별시 노원구청,서울특별시 노원구 덕릉로77길 8 해남유통,서울특별시 노원구 중계4동 431-1 해남유통,생활방범,1,41,,30,9.Jan,02-2116-4919,37.654982,127.073554,2016.6.15
서울특별시 노원구청,서울특별시 노원구 상계로 117 세계로약국,서울특별시 노원구 상계2동 386-4 고향삼계탕,생활방범,1,41,,30,9.Jan,02-2116-4919,37.657764,127.067611,2016.6.15
서울특별시 노원구청,서울특별시 노원구 한글비석로44길 31 그린마트,서울특별시 노원구 상계5동 143-26 그린마트 ,생활방범,1,41,,30,9.Jan,02-2116-4919,37.66415,127.069922,2016.6.15
서울특별시 노원구청,서울특별시 노원구 동일로245길143 수락고후문,서울특별시 노원구 상계1동 1254-1 수락고등학교 후문,생활방범,1,41,,30,9.Jan,02-2116-4919,37.682733,127.053559,2016.6.15
서울특별시 노원구청,서울특별시 노원구 공릉로58마길 45-8 유성빌라앞,서울특별시 노원구 하계1동 67-17 유성빌라 앞사거리,생활방범,1,41,,30,10.Jan,02-2116-4919,37.636794,127.078568,2016.6.15
서울특별시 노원구청,서울특별시 노원구 공릉로55길 138 토목과창고,서울특별시 노원구 하계2동 272-3 토목과창고,생활방범,1,41,,30,10.Jan,02-2116-4919,37.631787,127.065031,2016.6.15
서울특별시 노원구청,서울특별시 노원구 공릉로58가길 19 카센터주변,서울특별시 노원구 하계1동 179-27 앞 사거리,생활방범,1,41,,30,10.Jan,02-2116-4919,37.636173,127.072391,2016.6.15
서울특별시 노원구청,서울특별시 노원구 중계로36 불암산체육공원입구,서울특별시 노원구 공릉2동 산2-4 불암산체육공원 .공릉동 141,생활방범,1,41,,30,10.Jan,02-2116-4919,37.63912,127.084007,2016.6.15
서울특별시 노원구청,서울특별시 노원구 석계로3길 41 동신아파트입구,서울특별시 노원구 월계1동 485-15 삼거리(다보약국),생활방범,1,41,,30,10.Jan,02-2116-4919,37.616447,127.062532,2016.6.15
서울특별시 노원구청,서울특별시 노원구 광운로2가길 12 서울우유대리점,서울특별시 노원구 월계1동 475-28 사거리(종로가운),생활방범,1,41,,30,10.Jan,02-2116-4919,37.617508,127.059099,2016.6.15
서울특별시 노원구청,서울특별시 노원구 광운로17길 19 월계로즈빌,서울특별시 노원구 월계1동 387-6 삼거리(월계로즈빌),생활방범,1,41,,30,10.Jan,02-2116-4919,37.622502,127.058678,2016.6.15
서울특별시 노원구청,서울특별시 노원구 공릉로55길25 한천중후문길,서울특별시 노원구 공릉2동 481 한천중후문길 (공릉로55길25),생활방범,1,41,,30,10.Jan,02-2116-4919,37.631189,127.072155,2016.6.15
서울특별시 노원구청,서울특별시 노원구 마들로5길 21  녹천마을입구,서울특별시 노원구 월계2동 673-15 (녹천마을 입구 구멍가게),생활방범,1,41,,30,10.Jan,02-2116-4919,37.640737,127.053442,2016.6.15
서울특별시 노원구청,서울특별시 노원구 덕릉로60길 298 신창중후문,서울특별시 노원구 월계2동 805-5 신창중학교 후문 삼거리,생활방범,1,41,,30,10.Jan,02-2116-4919,37.628494,127.046496,2016.6.15
서울특별시 노원구청,서울특별시 노원구 동일로184길 69-1 구)경춘선변,"서울특별시 노원구 공릉1동 506-36, 28사이 삼거리 ",생활방범,1,41,,30,10.Jan,02-2116-4919,37.624719,127.077343,2016.6.15
서울특별시 노원구청,서울특별시 노원구 동일로182길 56 주택가삼거리,서울특별시 노원구 공릉1동 561-30 앞삼거리,생활방범,1,41,,30,10.Jan,02-2116-4919,37.623316,127.077208,2016.6.15
서울특별시 노원구청,서울특별시 노원구 공릉로37길 28 구)경춘선변,서울특별시 노원구 공릉2동 350-102 삼거리 (경춘선변 육교),생활방범,1,41,,30,10.Jan,02-2116-4919,37.623613,127.078027,2016.6.15
서울특별시 노원구청,서울특별시 노원구 동일로237길 92  상일육교,서울특별시 노원구 상계1동 1086-9 상일육교 앞,생활방범,1,41,,30,5.Jan,02-2116-4919,37.67356,127.05018,2016.6.15
서울특별시 노원구청,서울특별시 노원구 동일로186길 3 공릉1주민센터주변,"서울특별시 노원구 공릉1동 513-3, 54사이 삼거리 썬양복점",생활방범,1,41,,30,10.Jan,02-2116-4919,37.623998,127.074071,2016.6.15
서울특별시 노원구청,서울특별시 노원구 화랑로51길 81 공릉아파트입구,서울특별시 노원구 공릉2동 110번지 공릉아파트 진입로 ,생활방범,1,41,,30,10.Jan,02-2116-4919,37.624662,127.087578,2016.6.15
서울특별시 노원구청,서울특별시 노원구 동일로184길 12 현대부동산,서울특별시 노원구 공릉1동 517-23(고객할인마트 삼거리),생활방범,1,41,,30,10.Jan,02-2116-4919,37.623668,127.074581,2016.6.15
서울특별시 노원구청,서울특별시 노원구 노원로1길 110 옹달샘공원,서울특별시 노원구 공릉2동 270-4 삼거리 (옹달샘 어린이 공원),생활방범,1,41,,30,10.Jan,02-2116-4919,37.620579,127.080911,2016.6.15
서울특별시 노원구청,서울특별시 노원구 상계로37라길 22 희망어린이공원,"서울특별시 노원구 상계3,4동 111-201  희망어린이공원",생활방범,1,41,,30,10.Jan,02-2116-4919,37.672432,127.07876,2016.6.15
서울특별시 노원구청,서울특별시 노원구 상계로33길 47 협동마을2길,"서울특별시 노원구 상계3,4동 111-132(합동마을 2길)",생활방범,1,41,,30,10.Jan,02-2116-4919,37.671352,127.077038,2016.6.15
서울특별시 노원구청,서울특별시 노원구 동일로173가길 86 새나라공원,서울특별시 노원구 공릉1동  569-21 새나리공원앞,생활방범,1,41,,30,10.Jan,02-2116-4919,37.622088,127.072651,2016.6.15
서울특별시 노원구청,서울특별시 노원구 중계로16길 44 영신여고인근,서울특별시 노원구 중계본동 107-13 영신여고인근,생활방범,1,41,,30,10.Jan,02-2116-4919,37.650921,127.082682,2016.6.15
서울특별시 노원구청,서울특별시 노원구 중계로6길 1 목양교회,서울특별시 노원구 중계본동 27-75 광석길 도로 (목양교회),생활방범,1,41,,30,10.Jan,02-2116-4919,37.644253,127.083589,2016.6.15
서울특별시 노원구청,"서울특별시 노원구 덕릉로 864 상계3,4동주민센터앞","서울특별시 노원구 상계3,4동 44-2 삼거리 (상계 3ㆍ4동 주민자치센터)",생활방범,1,41,,30,10.Jan,02-2116-4919,37.672904,127.083371,2016.6.15
서울특별시 노원구청,서울특별시 노원구 중계로4길 2 벧엘교회,서울특별시 노원구 중계본동 30-3(벧엘교회),생활방범,1,130,,30,10.Jan,02-2116-4919,37.643083,127.083648,2016.6.15
서울특별시 노원구청,서울특별시 노원구 한글비석로46나길 2-2 은혜슈퍼,서울특별시 노원구 상계5동 134-39사거리(은혜슈퍼),생활방범,1,41,,30,10.Jan,02-2116-4919,37.666829,127.06957,2016.6.15
서울특별시 노원구청,서울특별시 노원구 한글비석로24다길 24 대영빌라,서울특별시 노원구 상계5동 155-45 사거리 (간촌3길 대영빌라),생활방범,1,41,,30,10.Jan,02-2116-4919,37.663203,127.071622,2016.6.15
서울특별시 노원구청,서울특별시 노원구 동일로231길 23 노일유치원앞,서울특별시 노원구 상계1동 1039-4 삼거리 (노일유치원 맞은편),생활방범,1,41,,30,10.Jan,02-2116-4919,37.672171,127.054379,2016.6.15
서울특별시 노원구청,서울특별시 노원구 동일로237길 59 가마봉고깃집,서울특별시 노원구 상계1동 1054-5 사거리 (가마봉 고깃집),생활방범,1,41,,30,10.Jan,02-2116-4919,37.673275,127.051963,2016.6.15
서울특별시 노원구청,서울특별시 노원구 한글비석로489 마들지구대,서울특별시 노원구 상계9동 681 주공8단지 사거리 (주공아파트 812동 사거리),생활방범,1,41,,30,10.Jan,02-2116-4919,37.664513,127.063594,2016.6.15
서울특별시 노원구청,서울특별시 노원구 동일로228길 66 삼락교회,서울특별시 노원구 상계9동 635 주공14단지 사거리 (늘푸른 2길),생활방범,1,41,,30,10.Jan,02-2116-4919,37.668499,127.060481,2016.6.15
서울특별시 노원구청,서울특별시 노원구 한글비석로52길 59 온곡초교삼거리,"서울특별시 노원구 상계9동 638번지 삼거리 (온곡초등학교, 온곡 2길)",생활방범,1,41,,30,10.Jan,02-2116-4919,37.667608,127.06579,2016.6.15
서울특별시 노원구청,서울특별시 노원구 상계로23길 65 성원아파트인근,서울특별시 노원구 상계2동 407-39 삼거리 (성원아파트),생활방범,1,41,,30,10.Jan,02-2116-4919,37.660352,127.066635,2016.6.15
서울특별시 노원구청,서울특별시 노원구 상계로9가길 23 똘똘이문구,서울특별시 노원구 상계2동 389-50 삼거리 (똘똘이 문구),생활방범,1,41,,30,10.Jan,02-2116-4919,37.65897,127.067146,2016.6.15
서울특별시 노원구청,서울특별시 노원구 상계로10길 23 원터경로당,서울특별시 노원구 상계2동 322-56 원터경로당 주변,생활방범,1,41,,30,10.Jan,02-2116-4919,37.656439,127.067917,2016.6.15
서울특별시 노원구청,서울특별시 노원구 동일로 1345 농협,"서울특별시 노원구 상계6,7동 763-6 사거리 (농협 옆)",생활방범,1,41,,30,10.Jan,02-2116-4919,37.648669,127.061848,2016.6.15
서울특별시 노원구청,서울특별시 노원구 동일로 1373 우리은행,"서울특별시 노원구 상계6,7동 746-2 사거리 (우리은행 앞 )",생활방범,1,41,,30,10.Jan,02-2116-4919,37.65072,127.061067,2016.6.15
서울특별시 노원구청,서울특별시 노원구 공릉로 58바길 32 나눔아트센터,서울특별시 노원구 하계1동 65-9 나눔아트센터 앞 ,생활방범,3,130,,30,12.Jan,02-2116-4919,37.636539,127.077313,2016.6.15
서울특별시 노원구청,서울특별시 노원구 초안산로 2다길 15 인덕공고주변,서울특별시 노원구 월계2동 633-23 주택삼거리(인덕마을 재개발지역),생활방범,3,130,,30,12.Jan,02-2116-4919,37.631033,127.056963,2016.6.15
서울특별시 노원구청,서울특별시 노원구 월계로 44가길 28 도원그린힐,서울특별시 노원구 월계1동 534-69 도원그린힐 앞,생활방범,3,130,,30,12.Jan,02-2116-4919,37.623667,127.053899,2016.6.15
서울특별시 노원구청,서울특별시 노원구 동일로 187길 12-3 애플부동산,서울특별시 노원구 공릉1동 400-31 앞 사거리,생활방범,3,130,,30,12.Jan,02-2116-4919,37.624196,127.072479,2016.6.15
서울특별시 노원구청,서울특별시 노원구 상계로 24길 26 대동아파트인근,서울특별시 노원구 상계2동 387-104 대동아파트 입구인근 ,생활방범,3,130,,30,12.Jan,02-2116-4919,37.657298,127.070379,2016.6.15
서울특별시 노원구청,서울특별시 노원구 한글비석로 15길 105 양지대림2차 입구,서울특별시 노원구 중계1동 426-8 양지대림2차아파트 입구 사거리,생활방범,3,130,,30,12.Jan,02-2116-4919,37.653571,127.073011,2016.6.15
서울특별시 노원구청,서울특별시 노원구 덕릉로 124길 45-13 갈월어린이공원,"서울특별시 노원구 상계3,4동 68-12 갈월어린이공원앞",생활방범,3,130,,30,12.Jan,02-2116-4919,37.669816,127.083016,2016.6.15
서울특별시 노원구청,서울특별시 노원구 한글비석로 24길 35 상계벽산 후문,서울특별시 노원구 상계5동 169-308 상계벽산아파트 후문,생활방범,3,130,,30,12.Jan,02-2116-4919,37.662183,127.072158,2016.6.15
서울특별시 노원구청,서울특별시 노원구 동일로 221길 22 대림아파트방향,서울특별시 노원구 상계10동 695 용화지하차도 (대림아파트방향_고정형),생활방범,1,130,,30,12.Jan,02-2116-4919,37.65968,127.057573,2016.6.15
서울특별시 노원구청,서울특별시 노원구 동일로 221길 22 주공7단지방향,서울특별시 노원구 상계10동 695 용화지하차도 (주공7단지방향_고정형),생활방범,1,130,,30,12.Jan,02-2116-4919,37.65968,127.057573,2016.6.15
서울특별시 노원구청,서울특별시 노원구 동일로 239길 33 평화장로교회앞,서울특별시 노원구 상계1동 1048-14 평화장로교회앞 사거리,생활방범,3,130,,30,12.Jan,02-2116-4919,37.674985,127.053242,2016.6.15
서울특별시 노원구청,서울특별시 노원구 광운로19가길 64 휴앤미빌,서울특별시 노원구 월계1동 376-23,생활방범,1,130,,30,13.Jan,02-2116-4919,37.624751,127.059733,2016.6.15
서울특별시 노원구청,서울특별시 노원구 화랑로45길 49 건양아파트뒷길,"서울특별시 노원구 월계1동 983 건양, 풍림아파트 뒷길",생활방범,1,130,,30,13.Jan,02-2116-4919,37.623202,127.061663,2016.6.15
서울특별시 노원구청,서울특별시 노원구 광운로1길 16-5 광운공고주변,서울특별시 노원구 월계1동 496-10 광운공고주변,생활방범,1,130,,30,13.Jan,02-2116-4919,37.619021,127.05683,2016.6.15
서울특별시 노원구청,서울특별시 노원구 월계로14나길 59 월계산장위,서울특별시 노원구 월계1동 534-19,생활방범,1,130,,30,13.Jan,02-2116-4919,37.624277,127.055062,2016.6.15
서울특별시 노원구청,서울특별시 노원구 초안산로2길 74 인덕공고입구,서울특별시 노원구 월계2동 645-3,생활방범,1,130,,30,13.Jan,02-2116-4919,37.631916,127.056961,2016.6.15
서울특별시 노원구청,서울특별시 노원구 월계로348 월계지하차도위,서울특별시 노원구 월계2동 285,생활방범,1,130,,30,13.Jan,02-2116-4919,37.632444,127.050738,2016.6.15
서울특별시 노원구청,서울특별시 노원구 월계로49길 20 인덕대학정문앞,서울특별시 노원구 월계2동 633-73,생활방범,1,130,,30,13.Jan,02-2116-4919,37.629734,127.056305,2016.6.15
서울특별시 노원구청,서울특별시 노원구 초안산로5길 28 월계2주민센터옥상,서울특별시 노원구 월계2동 777,생활방범,1,130,,30,13.Jan,02-2116-4919,37.632471,127.050764,2016.6.15
서울특별시 노원구청,서울특별시 노원구 덕릉로60길 186 초안1단지입구,서울특별시 노원구 월계2동 905-10,생활방범,1,130,,30,13.Jan,02-2116-4919,37.63214,127.044345,2016.6.15
서울특별시 노원구청,서울특별시 노원구 덕릉로60타길 20 초안1단지뒷편,서울특별시 노원구 월계2동 916-8 ,생활방범,1,130,,30,13.Jan,02-2116-4919,37.633751,127.0441,2016.6.15
서울특별시 노원구청,서울특별시 노원구 월계로 376 녹천중후문,서울특별시 노원구 월계3동 316-2,생활방범,1,130,,30,13.Jan,02-2116-4919,37.630419,127.062739,2016.6.15
서울특별시 노원구청,서울특별시 노원구 동일로192다길 31 이화빌라A동,서울특별시 노원구 공릉1동 370-6,생활방범,1,130,,30,13.Jan,02-2116-4919,37.628112,127.075236,2016.6.15
서울특별시 노원구청,서울특별시 노원구 동일로182길 34,서울특별시 노원구 공릉1동 566-36,생활방범,1,130,,30,13.Jan,02-2116-4919,37.623041,127.075836,2016.6.15
서울특별시 노원구청,서울특별시 노원구 화랑로51가길 67-1 배꽃어린이공원,서울특별시 노원구 공릉2동 122-32,생활방범,1,130,,30,13.Jan,02-2116-4919,37.625496,127.09285,2016.6.15
서울특별시 노원구청,서울특별시 노원구 공릉로34길 14 미용재료,서울특별시 노원구 공릉2동 240-20,생활방범,1,130,,30,13.Jan,02-2116-4919,37.622451,127.079972,2016.6.15
서울특별시 노원구청,서울특별시 노원구 공릉로32길 15 ,서울특별시 노원구 공릉2동 240-42,생활방범,1,130,,30,13.Jan,02-2116-4919,37.621879,127.080027,2016.6.15
서울특별시 노원구청,서울특별시 노원구 공릉로32길 36 어스틴빌라,서울특별시 노원구 공릉2동 240-47,생활방범,1,130,,30,13.Jan,02-2116-4919,37.621804,127.081018,2016.6.15
서울특별시 노원구청,서울특별시 노원구 노원로1길 36 태릉초교후문,서울특별시 노원구 공릉2동 250-5,생활방범,1,130,,30,13.Jan,02-2116-4919,37.622867,127.085243,2016.6.15
서울특별시 노원구청,서울특별시 노원구 노원로1라길 8 선한목자교회,서울특별시 노원구 공릉2동 270-54,생활방범,1,130,,30,13.Jan,02-2116-4919,37.620836,127.081578,2016.6.15
서울특별시 노원구청,서울특별시 노원구 공릉로33길 6 청솔리치빌,서울특별시 노원구 공릉2동 337-4,생활방범,1,130,,30,13.Jan,02-2116-4919,37.622158,127.078884,2016.6.15
서울특별시 노원구청,서울특별시 노원구 중계로14바길 36 제자교회,서울특별시 노원구 중계본동 90-27,생활방범,1,130,,30,13.Jan,02-2116-4919,37.65019,127.084291,2016.6.15
서울특별시 노원구청,서울특별시 노원구 중계로14타길 49 원암유치원,서울특별시 노원구 중계본동 90-77,생활방범,1,130,,30,13.Jan,02-2116-4919,37.649776,127.084552,2016.6.15
서울특별시 노원구청,서울특별시 노원구 덕릉로92길 13 중계건영인근,서울특별시 노원구 중계4동 133-17,생활방범,1,130,,30,13.Jan,02-2116-4919,37.660922,127.076411,2016.6.15
서울특별시 노원구청,서울특별시 노원구 동일로242길 6 천상병시인공원,서울특별시 노원구 상계1동 996-27,생활방범,1,130,,30,13.Jan,02-2116-4919,37.674327,127.05916,2016.6.15
서울특별시 노원구청,서울특별시 노원구 동일로237길 71 현대4차인근,서울특별시 노원구 상계1동 1087-5,생활방범,1,130,,30,13.Jan,02-2116-4919,37.67322,127.051244,2016.6.15
서울특별시 노원구청,서울특별시 노원구 상계로23가길 15,서울특별시 노원구 상계2동 389-5,생활방범,1,130,,30,13.Jan,02-2116-4919,37.658915,127.069864,2016.6.15
서울특별시 노원구청,서울특별시 노원구 덕릉로115길 18 신상계초교건너편,"서울특별시 노원구 상계3,4동 101-34",생활방범,1,130,,30,13.Jan,02-2116-4919,37.666988,127.077337,2016.6.15
서울특별시 노원구청,서울특별시 노원구 덕릉로119가길 22 버스운수주변,"서울특별시 노원구 상계3,4동 110-7",생활방범,1,130,,30,13.Jan,02-2116-4919,37.669309,127.079539,2016.6.15
서울특별시 노원구청,서울특별시 노원구 상계로37길 15 당고개역4번출구,"서울특별시 노원구 상계3,4동 111-464",생활방범,1,130,,30,13.Jan,02-2116-4919,37.671017,127.079391,2016.6.15
서울특별시 노원구청,서울특별시 노원구 한글비석로48길 25 상계한신3차,서울특별시 노원구 상계5동 135-56,생활방범,1,130,,30,13.Jan,02-2116-4919,37.665408,127.067184,2016.6.15
서울특별시 노원구청,서울특별시 노원구 한글비석로23길 21 신흥지물포,서울특별시 노원구 상계5동 169-205,생활방범,1,130,,30,13.Jan,02-2116-4919,37.659864,127.071267,2016.6.15
서울특별시 노원구청,서울특별시 노원구 한글비석로24나길 31 청해빌라앞,서울특별시 노원구 상계5동 169-232,생활방범,1,130,,30,13.Jan,02-2116-4919,37.662968,127.070748,2016.6.15
서울특별시 노원구청,서울특별시 노원구 초안산로12 성원교회 옆,서울특별시 노원구 월계동 782 신계초교 언덕길,생활방범,1,200,,30,14.Jan,02-2116-4919,37.632958,127.052238,2016.6.15
서울특별시 노원구청,서울특별시 노원구 노원구 섬밭로299아이티고 주변,서울특별시 노원구 중계동 504,생활방범,1,200,,30,14.Jan,02-2116-4919,37.642138,127.061955,2016.6.15
서울특별시 노원구청,서울특별시 노원구 덕릉로 134가길꽃사슴 어린이공원 옆,"서울특별시 노원구 상계3,4동 71-4 ",생활방범,1,200,,30,14.Jan,02-2116-4919,37.672538,127.084666,2016.6.15
서울특별시 노원구청,서울특별시 노원구 동일로242 라길 32보람빌라,서울특별시 노원구 상계1동 1116-83,생활방범,1,200,,30,14.Jan,02-2116-4919,37.67579,127.058332,2016.6.15
서울특별시 노원구청,서울특별시 노원구 상계로5길 12동양메이저A 앞,서울특별시 노원구 상계동 354-11  ,생활방범,1,200,,30,14.Jan,02-2116-4919,37.656922,127.063564,2016.6.15
서울특별시 노원구청,서울특별시 노원구 한글비석로길 39길18보듬이나눔이어린이집,서울특별시 노원구 상계5동 169-497,생활방범,1,300,,30,14.Jan,02-2116-4919,37.661637,127.06887,2016.6.15
서울특별시 노원구청,서울특별시 노원구 한글비석로길 20길 15-10상계역뒤 옛고을 골목,서울특별시 노원구 중계동 142-20,생활방범,1,300,,30,14.Jan,02-2116-4919,37.660107,127.073622,2016.6.15
서울특별시 노원구청,서울특별시 노원구 한글비석로길 20길 15-10상계역 대호상가 뒷골목,서울특별시 노원구 중계동 142-20,생활방범,1,300,,30,14.Jan,02-2116-4919,37.660107,127.073622,2016.6.15
서울특별시 노원구청,서울특별시 노원구 동일로 190길 26  ,서울특별시 노원구 공릉동 502-3,생활방범,1,200,,30,15.Jan,02-2116-4919,37.62553,127.074713,2016.6.15
서울특별시 노원구청,서울특별시 노원구 동일로 186길 33,서울특별시 노원구 공릉동 502-7,생활방범,1,200,,30,15.Jan,02-2116-4919,37.625097,127.074765,2016.6.15
서울특별시 노원구청,서울특별시 노원구 동일로 186길 39-18,서울특별시 노원구 공릉동 502-23,생활방범,1,200,,30,15.Jan,02-2116-4919,37.625415,127.075039,2016.6.15
서울특별시 노원구청,서울특별시 노원구 동일로 186길 36-10,서울특별시 노원구 공릉동 513-62,생활방범,1,200,,30,15.Jan,02-2116-4919,37.624438,127.0747,2016.6.15
서울특별시 노원구청,서울특별시 노원구 동일로 186길 36-24,서울특별시 노원구 공릉동 513-50,생활방범,1,200,,30,15.Jan,02-2116-4919,37.62456,127.075382,2016.6.15
서울특별시 노원구청,서울특별시 노원구 동일로 184길 15,서울특별시 노원구 공릉동 513-9,생활방범,2,300,,30,15.Jan,02-2116-4919,37.623965,127.074534,2016.6.15
서울특별시 노원구청,서울특별시 노원구 동일로 1044,서울특별시 노원구 공릉동 517-31,생활방범,1,200,,30,15.Jan,02-2116-4919,37.623324,127.074033,2016.6.15
서울특별시 노원구청,서울특별시 노원구 동일로 182길 5-22,서울특별시 노원구 공릉동 517-27,생활방범,1,200,,30,15.Jan,02-2116-4919,37.623419,127.074441,2016.6.15
서울특별시 노원구청,서울특별시 노원구 동일로 182길 7-1,서울특별시 노원구 공릉동 517-36,생활방범,1,200,,30,15.Jan,02-2116-4919,37.623094,127.074426,2016.6.15
서울특별시 노원구청,서울특별시 노원구 동일로 182길 7-10,서울특별시 노원구 공릉동 517-45,생활방범,1,300,,30,15.Jan,02-2116-4919,37.62326,127.074828,2016.6.15
서울특별시 노원구청,서울특별시 노원구 동일로 182길 25-15,서울특별시 노원구 공릉동 517-52,생활방범,1,200,,30,15.Jan,02-2116-4919,37.623313,127.07495,2016.6.15
서울특별시 노원구청,서울특별시 노원구 동일로 182길 37-45,서울특별시 노원구 공릉동 517-76,생활방범,1,200,,30,15.Jan,02-2116-4919,37.623646,127.075635,2016.6.15
서울특별시 노원구청,서울특별시 노원구 동일로 182길 27,서울특별시 노원구 공릉동 517-97,생활방범,1,300,,30,15.Jan,02-2116-4919,37.623136,127.075577,2016.6.15
서울특별시 노원구청,서울특별시 노원구 동일로 1028,서울특별시 노원구 공릉동 577-1,생활방범,1,200,,30,15.Jan,02-2116-4919,37.621832,127.074565,2016.6.15
서울특별시 노원구청,서울특별시 노원구 동일로 180길 21,서울특별시 노원구 공릉동 566-15,생활방범,1,300,,30,15.Jan,02-2116-4919,37.622462,127.07547,2016.6.15
서울특별시 노원구청,서울특별시 노원구 동일로 180길 41,서울특별시 노원구 공릉동 561-5,생활방범,1,200,,30,15.Jan,02-2116-4919,37.622681,127.076531,2016.6.15
서울특별시 노원구청,서울특별시 노원구 동일로 191길 15,서울특별시 노원구 공릉동 400-1,생활방범,1,200,,30,15.Jan,02-2116-4919,37.624994,127.072221,2016.6.15
서울특별시 노원구청,서울특별시 노원구 동일로 1041,서울특별시 노원구 공릉동 568-27,생활방범,1,200,,30,15.Jan,02-2116-4919,37.623064,127.073487,2016.6.15
서울특별시 노원구청,서울특별시 노원구 동일로 173가길 104,서울특별시 노원구 공릉동 569-1,생활방범,1,200,,30,15.Jan,02-2116-4919,37.62284,127.072407,2016.6.15
서울특별시 노원구청,서울특별시 노원구 노원로 34길 16,서울특별시 노원구 상계동 407-3,생활방범,1,300,,30,15.Jan,02-2116-4919,37.659587,127.065467,2016.6.15
서울특별시 노원구청,서울특별시 노원구 노원로 34길 34,서울특별시 노원구 상계동 1283,생활방범,1,300,,30,15.Jan,02-2116-4919,37.66031,127.065834,2016.6.15
서울특별시 노원구청,서울특별시 노원구 한글비석로47길 78-17,서울특별시 노원구 상계동 429-11,생활방범,1,200,,30,15.Jan,02-2116-4919,37.66061,127.066278,2016.6.15
서울특별시 노원구청,서울특별시 노원구 상계로 17길 46,서울특별시 노원구 상계동 393-6,생활방범,1,300,,30,15.Jan,02-2116-4919,37.659595,127.066756,2016.6.15
서울특별시 노원구청,서울특별시 노원구 상계로9가길 17,서울특별시 노원구 상계동 393-8,생활방범,1,300,,30,15.Jan,02-2116-4919,37.658735,127.06686,2016.6.15
서울특별시 노원구청,서울특별시 노원구 상계로19길 38,서울특별시 노원구 상계동 389-416,생활방범,1,200,,30,15.Jan,02-2116-4919,37.659497,127.067311,2016.6.15
서울특별시 노원구청,서울특별시 노원구 상계로23길 51 ,서울특별시 노원구 상계동 404-23,생활방범,1,200,,30,15.Jan,02-2116-4919,37.659888,127.067134,2016.6.15
서울특별시 노원구청,서울특별시 노원구 상계로9나길 25,서울특별시 노원구 상계동 436-11,생활방범,1,200,,30,15.Jan,02-2116-4919,37.660649,127.067351,2016.6.15
서울특별시 노원구청,서울특별시 노원구 상계로9가길 53,서울특별시 노원구 상계동 389-374,생활방범,1,200,,30,15.Jan,02-2116-4919,37.659937,127.068303,2016.6.15
서울특별시 노원구청,서울특별시 노원구 상계로9가길 45-11,서울특별시 노원구 상계동 389-763,생활방범,1,200,,30,15.Jan,02-2116-4919,37.660018,127.067547,2016.6.15
서울특별시 노원구청,서울특별시 노원구 상계로9가길 39,서울특별시 노원구 상계동 389-407,생활방범,1,200,,30,15.Jan,02-2116-4919,37.659464,127.067719,2016.6.15
서울특별시 노원구청,서울특별시 노원구 상계로9가길 33,서울특별시 노원구 상계동 389-419,생활방범,1,300,,30,15.Jan,02-2116-4919,37.659274,127.067592,2016.6.15
서울특별시 노원구청,서울특별시 노원구 상계로23길 57-6,서울특별시 노원구 상계동 406-9,생활방범,1,200,,30,15.Jan,02-2116-4919,37.660128,127.06665,2016.6.15
서울특별시 노원구청,서울특별시 노원구 한글비석로47길 67,서울특별시 노원구 상계동 434-22,생활방범,1,300,,30,15.Jan,02-2116-4919,37.661059,127.066712,2016.6.15
서울특별시 노원구청,서울특별시 노원구 노원로 34길 62,서울특별시 노원구 상계동 430-4,생활방범,1,200,,30,15.Jan,02-2116-4919,37.661586,127.065919,2016.6.15
서울특별시 노원구청,서울특별시 노원구 노원로 34길 48-4,서울특별시 노원구 상계동 432-1,생활방범,1,200,,30,15.Jan,02-2116-4919,37.660981,127.065961,2016.6.15
서울특별시 노원구청,서울특별시 노원구 노원로 468,서울특별시 노원구 상계동 365-2,생활방범,1,200,,30,15.Jan,02-2116-4919,37.658063,127.065953,2016.6.15
서울특별시 노원구청,서울특별시 노원구 동일로186길49,서울특별시 노원구 공릉동 502-34,생활방범,1,200,,30,15.Jan,02-2116-4919,37.625202,127.075678,2016.6.15
서울특별시 노원구청,서울특별시 노원구 동일로184길39-7,서울특별시 노원구 공릉동 513-45,생활방범,1,200,,30,15.Jan,02-2116-4919,37.624636,127.075684,2016.6.15
서울특별시 노원구청,서울특별시 노원구 동일로184길33,서울특별시 노원구 공릉동 513-54,생활방범,1,200,,30,15.Jan,02-2116-4919,37.624308,127.075411,2016.6.15
서울특별시 노원구청,서울특별시 노원구 동일로182길 37-25,서울특별시 노원구 공릉1동 517-79,생활방범,1,300,,30,15.Jan,02-2116-4919,37.623745,127.075918,2016.6.15
서울특별시 노원구청,서울특별시 노원구 한글비석로47길 28 계상초교후문,서울특별시 노원구 상계5동 456-99 정문도로 횡단보도 (계상),어린이보호,1,41,,30,10.Jan,02-2116-4919,37.662934,127.06675,2016.6.15
서울특별시 노원구청,서울특별시 노원구 동일로173길 13 공릉초교정문,서울특별시 노원구 공릉1동 616-8 정문 앞 횡단보도 주변 (공릉),어린이보호,1,41,,30,10.Jan,02-2116-4919,37.61852,127.07465,2016.6.15
서울특별시 노원구청,서울특별시 노원구 동일로192길 15 공연초교 GS25시,서울특별시 노원구 공릉1동 386-3 정문 앞 횡단보도 주변 (공연),어린이보호,1,41,,30,10.Jan,02-2116-4919,37.626132,127.073854,2016.6.15
서울특별시 노원구청,서울특별시 노원구 동일로230다길 60 노원초교후문인근,서울특별시 노원구 상계1동 1011-18 (노원),어린이보호,1,41,,30,10.Jan,02-2116-4919,37.673833,127.058247,2016.6.15
서울특별시 노원구청,서울특별시 노원구 동일로 1619-18 노일초 후문,서울특별시 노원구 상계1동 1039-2  (노일),어린이보호,1,41,,30,10.Jan,02-2116-4919,37.67237,127.054532,2016.6.15
서울특별시 노원구청,서울특별시 노원구 마들로3길 19 녹천초교진입로,서울특별시 노원구 월계3동 322-5 정문 주변 통학로 (녹천),어린이보호,1,41,,30,10.Jan,02-2116-4919,37.628094,127.062913,2016.6.15
서울특별시 노원구청,서울특별시 노원구 동일로213길 52 당현초정문,"서울특별시 노원구 상계6,7동 742 정문 앞 횡단보도 주변 (당현)",어린이보호,1,41,,30,10.Jan,02-2116-4919,37.648658,127.058391,2016.6.15
서울특별시 노원구청,서울특별시 노원구 덕릉로112길 68 덕암초정문,"서울특별시 노원구 상계3,4동 1274-2 정문 앞 횡단보도 주변 (덕암)",어린이보호,1,41,,30,10.Jan,02-2116-4919,37.666739,127.080839,2016.6.15
서울특별시 노원구청,서울특별시 노원구 한글비석로566 동일초정문,서울특별시 노원구 상계8동 887-7 정문 앞 횡단보도 주변 (동일),어린이보호,1,41,,30,10.Jan,02-2116-4919,37.664893,127.054649,2016.6.15
서울특별시 노원구청,"서울특별시 노원구 중계로 178 불암초,문화예술회관길건너편",서울특별시 노원구 중계본동 366-2 정문 앞 횡단보도 주변 (불암),어린이보호,1,41,,30,10.Jan,02-2116-4919,37.651067,127.080647,2016.6.15
서울특별시 노원구청,서울특별시 노원구 수락산로 232 상경초 버스정류장앞,서울특별시 노원구 상계8동 621 정문 앞 횡단보도 주변 (상경),어린이보호,1,41,,30,10.Jan,02-2116-4919,37.670208,127.051321,2016.6.15
서울특별시 노원구청,서울특별시 노원구 노원로34길 16 상계초후문,서울특별시 노원구 상계2동 407-3 (상계),어린이보호,1,41,,30,10.Jan,02-2116-4919,37.659587,127.065467,2016.6.15
서울특별시 노원구청,서울특별시 노원구 노원로38길 34 상곡초정문건너편,서울특별시 노원구 상계10동 678 정문 앞 횡단보도 주변 (상곡),어린이보호,1,41,,30,10.Jan,02-2116-4919,37.662787,127.062515,2016.6.15
서울특별시 노원구청,서울특별시 노원구 덕릉로 541 상명초정문,"서울특별시 노원구 중계2,3동 515-1 정문 앞 (상명)",어린이보호,1,41,,30,10.Jan,02-2116-4919,37.64847,127.06759,2016.6.15
서울특별시 노원구청,서울특별시 노원구 동일로216길 66 상수초후문,"서울특별시 노원구 상계6,7동 751-4 후문 앞 (상수)",어린이보호,1,41,,30,10.Jan,02-2116-4919,37.652085,127.065477,2016.6.15
서울특별시 노원구청,서울특별시 노원구 한글비석로54길 119 상원초정문,서울특별시 노원구 상계9동 645 정문 앞(13단지 방향) (상원),어린이보호,1,41,,30,10.Jan,02-2116-4919,37.667188,127.059825,2016.6.15
서울특별시 노원구청,서울특별시 노원구 동일로221길 27 상월초정문,서울특별시 노원구 상계10동 695 정문 앞 횡단보도 주변 (상월),어린이보호,1,41,,30,10.Jan,02-2116-4919,37.65968,127.057573,2016.6.15
서울특별시 노원구청,서울특별시 노원구 덕릉로 443 상천초교,"서울특별시 노원구 상계6,7동 768 정문 앞 횡단보도 주변 (상천)",어린이보호,1,41,,30,10.Jan,02-2116-4919,37.646282,127.058107,2016.6.15
서울특별시 노원구청,서울특별시 노원구 광운로2길 6 선곡초정문,서울특별시 노원구 월계1동 472-45 후문 앞 횡단보도 주변 (선곡),어린이보호,1,41,,30,10.Jan,02-2116-4919,37.61806,127.057411,2016.6.15
서울특별시 노원구청,서울특별시 노원구 동일로 1745 수락초정문,서울특별시 노원구 상계1동 1171-2 정문 입구 (수락),어린이보호,1,41,,30,10.Jan,02-2116-4919,37.684287,127.054834,2016.6.15
서울특별시 노원구청,서울특별시 노원구 중계로12길 6 수암초정문,서울특별시 노원구 중계본동 58-8 정문 앞 횡단보도 주변 (수암),어린이보호,1,41,,30,10.Jan,02-2116-4919,37.647593,127.081126,2016.6.15
서울특별시 노원구청,서울특별시 노원구 초안산로 29 신계초정문,서울특별시 노원구 월계2동 582 정문 앞 횡단보도 주변 (신계),어린이보호,1,41,,30,10.Jan,02-2116-4919,37.62954,127.054129,2016.6.15
서울특별시 노원구청,서울특별시 노원구 상계로 267 신상계초정문,"서울특별시 노원구 상계3,4동 116-1 (신상계)",어린이보호,1,41,,30,10.Jan,02-2116-4919,37.668151,127.076531,2016.6.15
서울특별시 노원구청,서울특별시 노원구 월계로55길 48 연지초정문,서울특별시 노원구 월계2동 320-8 학교정문 우측 횡단보도 (연지),어린이보호,1,41,,30,10.Jan,02-2116-4919,37.632444,127.050738,2016.6.15
서울특별시 노원구청,서울특별시 노원구 공릉로 304 연촌초교정문,서울특별시 노원구 하계1동 153-23 정문 앞 횡단보도 주변 (연촌),어린이보호,1,41,,30,10.Jan,02-2116-4919,37.634179,127.072234,2016.6.15
서울특별시 노원구청,서울특별시 노원구 한글비석로52길 59 온곡초교정문 ,서울특별시 노원구 상계9동 638 정문 앞 횡단보도 주변 (온곡),어린이보호,1,41,,30,10.Jan,02-2116-4919,37.667608,127.06579,2016.6.15
서울특별시 노원구청,서울특별시 노원구 노원로15길 52 용동초교,"서울특별시 노원구 중계2,3동 510-6 하계중 후문, 하늘교회 앞 사거리 (용동)",어린이보호,1,41,,30,10.Jan,02-2116-4919,37.641165,127.070265,2016.6.15
서울특별시 노원구청,서울특별시 노원구 섬밭로 144  용원초정문,서울특별시 노원구 공릉1동 709 정문 (용원),어린이보호,1,41,,30,10.Jan,02-2116-4919,37.629603,127.068866,2016.6.15
서울특별시 노원구청,"서울특별시 노원구 덕릉로76길 23 원광초교,중계중학교정문",서울특별시 노원구 중계1동 358-3 중계중학교 정문 옆 사거리 (원광),어린이보호,1,41,,30,10.Jan,02-2116-4919,37.655096,127.075474,2016.6.15
서울특별시 노원구청,서울특별시 노원구 월계로45가길 10 월계초정문,서울특별시 노원구 월계2동 558 정문앞 어린이보호 횡단보도 (월계),어린이보호,1,41,,30,10.Jan,02-2116-4919,37.628388,127.050541,2016.6.15
서울특별시 노원구청,서울특별시 노원구 중계로 235 을지초정문,서울특별시 노원구 중계1동 360-1 정문 앞 주변 (을지),어린이보호,1,41,,30,10.Jan,02-2116-4919,37.650492,127.073703,2016.6.15
서울특별시 노원구청,서울특별시 노원구 한글비석로19길 39 중계초교 정문,서울특별시 노원구 중계4동 452-7 정문 앞 횡단보도 주변 (중계),어린이보호,1,41,,30,10.Jan,02-2116-4919,37.657403,127.07242,2016.6.15
서울특별시 노원구청,서울특별시 노원구 동일로207길 23 중원초교정문,"서울특별시 노원구 중계2,3동 502-2 학교 정문 쪽 횡단보도(녹색어머니 활동 위치) 푸른 문구앞 (중원)",어린이보호,1,41,,30,10.Jan,02-2116-4919,37.643197,127.06355,2016.6.15
서울특별시 노원구청,서울특별시 노원구 섬밭로 241 중평초정문길건너편,서울특별시 노원구 하계2동 271 운동장 왼쪽 쪽문 승강장 주변 (중평),어린이보호,1,41,,30,10.Jan,02-2116-4919,37.63728,127.06409,2016.6.15
서울특별시 노원구청,서울특별시 노원구 공릉로55길 96 중현초 하계2치안건너편,서울특별시 노원구 하계2동 336-1 정문 앞 횡단보도 주변 (중현),어린이보호,1,41,,30,10.Jan,02-2116-4919,37.631593,127.067726,2016.6.15
서울특별시 노원구청,서울특별시 노원구 공릉로420 청계초 중원중사거리,"서울특별시 노원구 중계2,3동 514-7 정문 앞 횡단보도 주변 (청계)",어린이보호,1,41,,30,10.Jan,02-2116-4919,37.644481,127.067325,2016.6.15
서울특별시 노원구청,서울특별시 노원구 한글비석로506 청원초정문,서울특별시 노원구 상계9동 641 정문 앞 (청원),어린이보호,1,41,,30,10.Jan,02-2116-4919,37.666028,127.062013,2016.6.15
서울특별시 노원구청,서울특별시 노원구 화랑로815 태강삼육초앞 버스정류장,서울특별시 노원구 공릉2동 26-39 학교앞 버스정류장 주변 (태강삼육),어린이보호,1,41,,30,10.Jan,02-2116-4919,37.642236,127.110856,2016.6.15
서울특별시 노원구청,서울특별시 노원구 화랑로51가길 21-19 태랑초,서울특별시 노원구 공릉2동 120-13 현대아파트 104동 앞 (태랑),어린이보호,1,41,,30,10.Jan,02-2116-4919,37.625009,127.090128,2016.6.15
서울특별시 노원구청,서울특별시 노원구 노원로1길 36 태릉초교정문,서울특별시 노원구 공릉2동 87-2 정문 앞 (태릉),어린이보호,1,41,,30,10.Jan,02-2116-4919,37.621542,127.084631,2016.6.15
서울특별시 노원구청,서울특별시 노원구 마들로45 한천초정문길건너편,서울특별시 노원구 월계3동 9-15 정문 앞 건너편 (한천),어린이보호,1,41,,30,10.Jan,02-2116-4919,37.619908,127.069637,2016.6.15
서울특별시 노원구청,서울특별시 노원구 화랑로653 화랑초 서울여대정문앞,서울특별시 노원구 공릉2동 27-38 서울여대정문 교차로 지하철 태릉역방향 주변 (화랑),어린이보호,1,41,,30,10.Jan,02-2116-4919,37.629733,127.094416,2016.6.15
서울특별시 노원구청,서울특별시 노원구 동일로245길 56 북부어린이집,서울특별시 노원구 상계1동 1257 북부어린이집,어린이보호,2,130,,30,12.Jan,02-2116-4919,37.679663,127.052415,2016.6.15
서울특별시 노원구청,서울특별시 노원구 동일로 239 나길 31 노원어린이집,서울특별시 노원구 상계1동 1098-21 노원어린이집,어린이보호,2,130,,30,12.Jan,02-2116-4919,37.676649,127.051707,2016.6.15
서울특별시 노원구청,서울특별시 노원구 노원로34길 43 상계삼성어린이집,서울특별시 노원구 상계2동 430-5 노원정보도서관 앞 상계삼성어린이집 (고정형),어린이보호,2,130,,30,12.Jan,02-2116-4919,37.661259,127.065889,2016.6.15
서울특별시 노원구청,서울특별시 노원구 공릉로58마길 1 하계어린이집,서울특별시 노원구 하계1동 252-11 하계어린이집 (고정형),어린이보호,2,130,,30,12.Jan,02-2116-4919,37.637052,127.076196,2016.6.15
서울특별시 노원구청,서울특별시 노원구 중계로167 중계어린이집,서울특별시 노원구 중계본동 308-44  중계어린이집,어린이보호,2,130,,30,12.Jan,02-2116-4919,37.649705,127.080411,2016.6.15
서울특별시 노원구청,서울특별시 노원구 동일로179길 13 예뜨랑어린이집,서울특별시 노원구 공릉1동 575-25 예뜨랑어린이집,어린이보호,2,130,,30,12.Jan,02-2116-4919,37.621522,127.073289,2016.6.15
서울특별시 노원구청,서울특별시 노원구 동일로173가길 86 새나라공원,서울특별시 노원구 공릉1동  569-21 새나리공원앞 (방범폴에 설치.고정형),어린이보호,1,130,,30,12.Jan,02-2116-4919,37.622088,127.072651,2016.6.15
서울특별시 노원구청,서울특별시 노원구 한글비석로5길 75 꿈동산어린이집,서울특별시 노원구 중계1동 361-1 꿈동산어린이집,어린이보호,2,130,,30,12.Jan,02-2116-4919,37.646851,127.072768,2016.6.15
서울특별시 노원구청,서울특별시 노원구 동일로232길 24 노원초교앞,서울특별시 노원구 상계1동 1019-43 품속어린이집,어린이보호,3,130,,30,12.Jan,02-2116-4919,37.67274,127.057247,2016.6.15
서울특별시 노원구청,서울특별시 노원구 공릉로186 토마토어린이집,서울특별시 노원구 공릉2동 408-166 토마토어린이집,어린이보호,2,130,,30,12.Jan,02-2116-4919,37.626129,127.07946,2016.6.15
서울특별시 노원구청,서울특별시 노원구 동일로213길 52 당현초정문,"서울특별시 노원구 상계6,7동 742 당현초등학교",어린이보호,1,130,,30,12.Jan,02-2116-4919,37.648658,127.058391,2016.6.15
서울특별시 노원구청,"서울특별시 노원구 동일로213길 78 영은유치원,당현초후문","서울특별시 노원구 상계6,7동 740-1 영은유치원 (당현초 후문)",어린이보호,1,130,,30,12.Jan,02-2116-4919,37.648088,127.05757,2016.6.15
서울특별시 노원구청,서울특별시 노원구 노원로1나길 28,서울특별시 노원구 공릉2동 87 태릉초등학교,어린이보호,1,130,,30,12.Jan,02-2116-4919,37.621953,127.082962,2016.6.15
서울특별시 노원구청,서울특별시 노원구 노원로1길 36 태릉초후문,서울특별시 노원구 공릉2동 250-5 태릉초교후문,어린이보호,1,130,,30,12.Jan,02-2116-4919,37.622867,127.085243,2016.6.15
서울특별시 노원구청,서울특별시 노원구 한글비석로1길 81-11 용동초,서울특별시 노원구 하계1동 287-1 용동초등학교,어린이보호,1,130,,30,12.Jan,02-2116-4919,37.642074,127.070051,2016.6.15
서울특별시 노원구청,서울특별시 노원구 동일로216길 66 상수초후문,"서울특별시 노원구 상계6,7동 754-4 상수초등학교",어린이보호,2,130,,30,12.Jan,02-2116-4919,37.65161,127.063622,2016.6.15
서울특별시 노원구청,서울특별시 노원구 섬밭로258 중평초사거리,"서울특별시 노원구 중계2,3동 506-1 중평초등학교 사거리 (고정형)",어린이보호,2,130,,30,12.Jan,02-2116-4919,37.638944,127.064729,2016.6.15
서울특별시 노원구청,서울특별시 노원구 섬밭로144 용원초교,서울특별시 노원구 공릉1동 727-1 용원초등학교 앞 버스정류장,어린이보호,1,130,,30,12.Jan,02-2116-4919,37.628508,127.068619,2016.6.15
서울특별시 노원구청,서울특별시 노원구 초안산로3길 41 신계초후문,서울특별시 노원구 월계2동 583 두솔유치원/신계초교,어린이보호,3,130,,30,12.Jan,02-2116-4919,37.629489,127.052807,2016.6.15
서울특별시 노원구청,서울특별시 노원구 한글비석로41가길 1 보듬어린이집,서울특별시 노원구 상계5동 443-4 보듬어린이집(구립),어린이보호,4,130,,30,12.Jan,02-2116-4919,37.661852,127.068812,2016.6.15
서울특별시 노원구청,서울특별시 노원구 한글비석로39길 18 보듬어린이집,서울특별시 노원구 상계5동 169-497 (고정형),어린이보호,2,200,,30,13.Jan,02-2116-4919,37.661637,127.06887,2016.6.15
서울특별시 노원구청,서울특별시 노원구 덕릉로122길 11 한울유치원,"서울특별시 노원구 상계3,4동 77-105 한울 유치원",어린이보호,4,130,,30,12.Jan,02-2116-4919,37.668888,127.080899,2016.6.15
서울특별시 노원구청,서울특별시 노원구 석계로13길7 월계1동어린이집,서울특별시 노원구 월계1동 429-32  월계1동 어린이집,어린이보호,1,130,,30,13.Jan,02-2116-4919,37.62044,127.062407,2016.6.15
서울특별시 노원구청,서울특별시 노원구 광운로6길28 선곡초교,서울특별시 노원구 월계1동 447-29 선곡초교,어린이보호,1,130,,30,13.Jan,02-2116-4919,37.618259,127.05894,2016.6.15
서울특별시 노원구청,서울특별시 노원구 초안산로2길129 연지초교,서울특별시 노원구 월계2동 266-3 연지초교,어린이보호,1,130,,30,13.Jan,02-2116-4919,37.634333,127.058577,2016.6.15
서울특별시 노원구청,서울특별시 노원구 초안산로5길28 다연유치원,서울특별시 노원구 월계2동 815-12 다연유치원,어린이보호,2,130,,30,13.Jan,02-2116-4919,37.630921,127.051072,2016.6.15
서울특별시 노원구청,서울특별시 노원구 마들로57 한천초교,서울특별시 노원구 월계3동 1-1 한천초교,어린이보호,3,130,,30,13.Jan,02-2116-4919,37.622501,127.069085,2016.6.15
서울특별시 노원구청,서울특별시 노원구 마들로3길 34 녹천초교,서울특별시 노원구 월계3동 224-13 녹천초교,어린이보호,1,130,,30,13.Jan,02-2116-4919,37.629302,127.064038,2016.6.15
서울특별시 노원구청,서울특별시 노원구 동일로192나길 14 공릉어린이집,서울특별시 노원구 공릉1동 389-1 공릉어린이집,어린이보호,1,130,,30,13.Jan,02-2116-4919,37.627244,127.075139,2016.6.15
서울특별시 노원구청,서울특별시 노원구 동일로175길 12-1  공릉초교,서울특별시 노원구 공릉1동 598-23 공릉초교,어린이보호,1,130,,30,13.Jan,02-2116-4919,37.619694,127.07398,2016.6.15
서울특별시 노원구청,서울특별시 노원구 동일로198길 32 사라유치원,서울특별시 노원구 공릉1동 366-1 사라유치원,어린이보호,1,130,,30,13.Jan,02-2116-4919,37.629002,127.073427,2016.6.15
서울특별시 노원구청,서울특별시 노원구 동일로197길 105 예진유치원,서울특별시 노원구 공릉1동 382-1 예진유치원,어린이보호,1,130,,30,13.Jan,02-2116-4919,37.625311,127.07057,2016.6.15
서울특별시 노원구청,서울특별시 노원구 화랑로51가길 11-2 태랑초교,서울특별시 노원구 공릉2동 121-5 태랑초교,어린이보호,1,130,,30,13.Jan,02-2116-4919,37.624356,127.091332,2016.6.15
서울특별시 노원구청,서울특별시 노원구 공릉로58길 33 정민학교,서울특별시 노원구 하계1동 153-27 정민학교,어린이보호,1,130,,30,13.Jan,02-2116-4919,37.633715,127.072437,2016.6.15
서울특별시 노원구청,서울특별시 노원구 한글비석로1길 33 성실유치원,서울특별시 노원구 하계1동 208-5 성실유치원,어린이보호,1,130,,30,13.Jan,02-2116-4919,37.639115,127.070365,2016.6.15
서울특별시 노원구청,서울특별시 노원구 한글비석로144 한성유치원,서울특별시 노원구 하계1동 22 한성유치원,어린이보호,1,130,,30,13.Jan,02-2116-4919,37.641592,127.076711,2016.6.15
서울특별시 노원구청,"서울특별시 노원구 섬밭로265 학여울유치원, 학여울청구입구","서울특별시 노원구 중계2,3동 505 학여울청구아파트입구  학여울유치원",어린이보호,1,130,,30,13.Jan,02-2116-4919,37.638735,127.062476,2016.6.15
서울특별시 노원구청,"서울특별시 노원구 중계로 129 수암초교,우체국옆",서울특별시 노원구 중계본동 311-22 수암초교,어린이보호,1,130,,30,13.Jan,02-2116-4919,37.646599,127.080585,2016.6.15
서울특별시 노원구청,서울특별시 노원구 덕릉로483 중원초교,"서울특별시 노원구 중계2,3동 500 중원초교",어린이보호,1,130,,30,13.Jan,02-2116-4919,37.645621,127.062584,2016.6.15
서울특별시 노원구청,서울특별시 노원구 동일로207길 140 연세유치원,서울특별시 노원구 하계2동 354-1 연세유치원,어린이보호,1,130,,30,13.Jan,02-2116-4919,37.639033,127.060631,2016.6.15
서울특별시 노원구청,서울특별시 노원구 동일로230길 23 노원초교,서울특별시 노원구 상계1동 1019-83 노원초교,어린이보호,1,130,,30,13.Jan,02-2116-4919,37.671531,127.057567,2016.6.15
서울특별시 노원구청,서울특별시 노원구 동일로 1625 노일초교,서울특별시 노원구 상계1동 1044 노일초교,어린이보호,1,130,,30,13.Jan,02-2116-4919,37.672583,127.053903,2016.6.15
서울특별시 노원구청,서울특별시 노원구 동일로231길72 노일유치원,서울특별시 노원구 상계1동 1067-1 노일유치원,어린이보호,1,130,,30,13.Jan,02-2116-4919,37.671728,127.051566,2016.6.15
서울특별시 노원구청,서울특별시 노원구 동일로1745 수락초교,서울특별시 노원구 상계1동 1171-1 수락초교 (육교위),어린이보호,3,130,,30,13.Jan,02-2116-4919,37.679662,127.054987,2016.6.15
서울특별시 노원구청,서울특별시 노원구 상계로7길46 학림유치원,서울특별시 노원구 상계2동 363-1 학림유치원,어린이보호,1,130,,30,13.Jan,02-2116-4919,37.658571,127.064126,2016.6.15
서울특별시 노원구청,서울특별시 노원구 상계로9가길23 상계초교,서울특별시 노원구 상계2동 397-4 상계초교,어린이보호,1,130,,30,13.Jan,02-2116-4919,37.658206,127.066096,2016.6.15
서울특별시 노원구청,서울특별시 노원구 덕릉로94가길16 덕암초교,"서울특별시 노원구 상계3,4동 1275 덕암초교",어린이보호,1,130,,30,13.Jan,02-2116-4919,37.66563,127.079261,2016.6.15
서울특별시 노원구청,서울특별시 노원구 덕릉로118길 27 동화나라유치원,"서울특별시 노원구 상계3,4동 1294 동화나라유치원",어린이보호,1,130,,30,13.Jan,02-2116-4919,37.667974,127.080536,2016.6.15
서울특별시 노원구청,서울특별시 노원구 노원로522 상곡초교,서울특별시 노원구 상계10동 670 상곡초교,어린이보호,1,130,,30,13.Jan,02-2116-4919,37.662852,127.060267,2016.6.15
서울특별시 노원구청,서울특별시 노원구 한글비석로277 불암지구대,서울특별시 노원구 중계동 359-6 불암지구대,어린이보호,1,130,,30,14.Jan,02-2116-4919,37.652397,127.077325,2016.6.15
서울특별시 노원구청,서울특별시 노원구 한글비석로261 국민은행뒤,서울특별시 노원구 중계동 359-16 국민은행 뒷길,어린이보호,1,130,,30,14.Jan,02-2116-4919,37.651566,127.076421,2016.6.15
서울특별시 노원구청,서울특별시 노원구 중계로18길9 효천유치원앞,서울특별시 노원구 중계동 366-15,어린이보호,1,130,,30,14.Jan,02-2116-4919,37.651092,127.077778,2016.6.15
서울특별시 노원구청,서울특별시 노원구 노원로22길71 중계건영3차입구,서울특별시 노원구 중계동 360-4 어린이집 앞,어린이보호,1,130,,30,14.Jan,02-2116-4919,37.649093,127.076144,2016.6.15
서울특별시 노원구청,서울특별시 노원구 한글비석로242 삼부프라자뒤,서울특별시 노원구 중계동 364-16 삼부프라자 뒤,어린이보호,1,130,,30,14.Jan,02-2116-4919,37.649193,127.077142,2016.6.15
서울특별시 노원구청,서울특별시 노원구 동일로 1528 지혜유치원,서울특별시 노원구 상 649-8,어린이보호,1,130,,30,14.Jan,02-2116-4919,37.664754,127.058083,2016.6.15
서울특별시 노원구청,서울특별시 노원구 덕릉로77길27 까치유치원,서울특별시 노원구 중계동 440-1,어린이보호,1,130,,30,14.Jan,02-2116-4919,37.655234,127.07241,2016.6.15
서울특별시 노원구청,서울특별시 노원구 한글비석로54길116 대원유치원,서울특별시 노원구 상계동 637-1,어린이보호,1,130,,30,14.Jan,02-2116-4919,37.668262,127.060376,2016.6.15
서울특별시 노원구청,서울특별시 노원구 동일로207길17 동은유치원,서울특별시 노원구 중계동 502-2,어린이보호,1,130,,30,14.Jan,02-2116-4919,37.643197,127.06355,2016.6.15
서울특별시 노원구청,서울특별시 노원구 초안산로58 두솔유치원,서울특별시 노원구 월계동 783,어린이보호,1,130,,30,14.Jan,02-2116-4919,37.632496,127.052674,2016.6.15
서울특별시 노원구청,서울특별시 노원구 공릉로438 아해뜰유치원,서울특별시 노원구 중계동 514-2 대진여고 앞,어린이보호,1,130,,30,14.Jan,02-2116-4919,37.646446,127.06728,2016.6.15
서울특별시 노원구청,서울특별시 노원구 한글비석로325 사랑샘유치원,서울특별시 노원구 중계동 358-6,어린이보호,1,130,,30,14.Jan,02-2116-4919,37.656408,127.077699,2016.6.15
서울특별시 노원구청,서울특별시 노원구 공릉로34길38 공릉2동어린이집,서울특별시 노원구 공릉동 244-34,어린이보호,1,130,,30,14.Jan,02-2116-4919,37.624151,127.082039,2016.6.15
서울특별시 노원구청,서울특별시 노원구 동일로1380 아라유치원,서울특별시 노원구 상계동 728-5,어린이보호,1,130,,30,14.Jan,02-2116-4919,37.651685,127.061652,2016.6.15
서울특별시 노원구청,서울특별시 노원구 동일로1062 공릉어린이집,서울특별시 노원구 공릉동 499-1,어린이보호,1,130,,30,14.Jan,02-2116-4919,37.624859,127.073493,2016.6.15
서울특별시 노원구청,서울특별시 노원구 동일로1350 성서대부설어린이집,서울특별시 노원구 상계동 749-8,어린이보호,1,130,,30,14.Jan,02-2116-4919,37.649166,127.062402,2016.6.15
서울특별시 노원구청,서울특별시 노원구 덕릉로86길39 키즈위즈유치원,서울특별시 노원구 중계동 129-6,어린이보호,1,130,,30,14.Jan,02-2116-4919,37.660965,127.079279,2016.6.15
서울특별시 노원구청,서울특별시 노원구 덕릉로102길24 무지개유치원,서울특별시 노원구 상계동 95-107,어린이보호,1,130,,30,14.Jan,02-2116-4919,37.664302,127.078232,2016.6.15
서울특별시 노원구청,서울특별시 노원구 공릉로299 꿈나무유치원,서울특별시 노원구 하계동 153-19,어린이보호,1,130,,30,14.Jan,02-2116-4919,37.633769,127.072169,2016.6.15
서울특별시 노원구청,서울특별시 노원구 우이천로102 초안유지원,서울특별시 노원구 월계동 924-1,어린이보호,1,130,,30,14.Jan,02-2116-4919,37.630044,127.044071,2016.6.15
서울특별시 노원구청,서울특별시 노원구 우이천로2길 29,서울특별시 노원구 월계2동 912-1,어린이보호,1,200,,30,15.Jan,02-2116-4919,37.632459,127.042697,2016.6.15
서울특별시 노원구청,서울특별시 노원구 한글비석로41가길 24 계상초교,서울특별시 노원구 서울계상초등학교,어린이보호,4,41,,30,9.Jan,02-2116-4919,37.66271,127.068267,2016.6.15
서울특별시 노원구청,서울특별시 노원구 동일로173길 12 공릉초교,서울특별시 노원구 서울공릉초등학교,어린이보호,4,41,,30,8.Jan,02-2116-4919,37.618802,127.074188,2016.6.15
서울특별시 노원구청,서울특별시 노원구 동일로192가길 16 공연초교,서울특별시 노원구 서울공연초등학교,어린이보호,4,41,,30,9.Jan,02-2116-4919,37.627253,127.074165,2016.6.15
서울특별시 노원구청,서울특별시 노원구 동일로230나길 32 노원초교,서울특별시 노원구 서울노원초등학교,어린이보호,4,41,,30,9.Jan,02-2116-4919,37.673318,127.058294,2016.6.15
서울특별시 노원구청,서울특별시 노원구 동일로1625 노일초교,서울특별시 노원구 서울노일초등학교,어린이보호,4,41,,30,8.Jan,02-2116-4919,37.673291,127.054778,2016.6.15
서울특별시 노원구청,서울특별시 노원구 마들로3길 34 녹천초교,서울특별시 노원구 서울녹천초등학교,어린이보호,3,41,,30,9.Jan,02-2116-4919,37.628801,127.063113,2016.6.15
서울특별시 노원구청,서울특별시 노원구 동일로213길 52 당현초교,서울특별시 노원구 서울당현초등학교,어린이보호,4,41,,30,8.Jan,02-2116-4919,37.648658,127.058391,2016.6.15
서울특별시 노원구청,서울특별시 노원구 덕릉로112길 68 덕암초교,서울특별시 노원구 서울덕암초등학교,어린이보호,4,41,,30,7.Jan,02-2116-4919,37.666489,127.081468,2016.6.15
서울특별시 노원구청,서울특별시 노원구 한글비석로566 동일초교,서울특별시 노원구 서울동일초등학교,어린이보호,7,41,,30,7.Jan,02-2116-4919,37.665166,127.054595,2016.6.15
서울특별시 노원구청,서울특별시 노원구 중계로178 불암초교,서울특별시 노원구 서울불암초등학교,어린이보호,5,41,,30,7.Jan,02-2116-4919,37.651067,127.080647,2016.6.15
서울특별시 노원구청,서울특별시 노원구 수락산로237 상경초교,서울특별시 노원구 서울상경초등학교,어린이보호,4,41,,30,8.Jan,02-2116-4919,37.670208,127.051321,2016.6.15
서울특별시 노원구청,서울특별시 노원구 상계로9길 39 상계초교,서울특별시 노원구 서울상계초등학교,어린이보호,4,41,,30,9.Jan,02-2116-4919,37.659312,127.066242,2016.6.15
서울특별시 노원구청,서울특별시 노원구 노원로38길 34 상곡초교,서울특별시 노원구 서울상곡초등학교,어린이보호,4,41,,30,8.Jan,02-2116-4919,37.662787,127.062515,2016.6.15
서울특별시 노원구청,서울특별시 노원구 덕릉로514 상명초교,서울특별시 노원구 서울상명초등학교,어린이보호,6,41,,30,7.Jan,02-2116-4919,37.653165,127.065237,2016.6.15
서울특별시 노원구청,서울특별시 노원구 동일로216길 66 상수초교,서울특별시 노원구 서울상수초등학교,어린이보호,4,41,,30,8.Jan,02-2116-4919,37.651586,127.064735,2016.6.15
서울특별시 노원구청,서울특별시 노원구 한글비석로54길 119 상원초교,서울특별시 노원구 서울상원초등학교,어린이보호,4,41,,30,8.Jan,02-2116-4919,37.667188,127.059825,2016.6.15
서울특별시 노원구청,서울특별시 노원구 동일로221길 27 상월초교,서울특별시 노원구 서울상월초등학교,어린이보호,4,41,,30,8.Jan,02-2116-4919,37.656271,127.062407,2016.6.15
서울특별시 노원구청,서울특별시 노원구 덕릉로443 상천초교,서울특별시 노원구 서울상천초등학교,어린이보호,4,41,,30,9.Jan,02-2116-4919,37.646282,127.058107,2016.6.15
서울특별시 노원구청,서울특별시 노원구 광운로2길 1 선곡초교,서울특별시 노원구 서울선곡초등학교,어린이보호,4,41,,30,7.Jan,02-2116-4919,37.618417,127.058209,2016.6.15
서울특별시 노원구청,서울특별시 노원구 동일로1745 수락초교,서울특별시 노원구 서울수락초등학교,어린이보호,4,41,,30,8.Jan,02-2116-4919,37.684287,127.054834,2016.6.15
서울특별시 노원구청,서울특별시 노원구 중계로12길 9 수암초교,서울특별시 노원구 서울수암초등학교,어린이보호,4,41,,30,7.Jan,02-2116-4919,37.647874,127.081372,2016.6.15
서울특별시 노원구청,서울특별시 노원구 초안산로29 신계초교,서울특별시 노원구 서울신계초등학교,어린이보호,4,41,,30,9.Jan,02-2116-4919,37.630167,127.052988,2016.6.15
서울특별시 노원구청,서울특별시 노원구 상계로267 신상계초교,서울특별시 노원구 서울신상계초등학교,어린이보호,4,41,,30,7.Jan,02-2116-4919,37.667474,127.07579,2016.6.15
서울특별시 노원구청,서울특별시 노원구 월계로55길 48 연지초교,서울특별시 노원구 서울연지초등학교,어린이보호,4,41,,30,7.Jan,02-2116-4919,37.633479,127.059984,2016.6.15
서울특별시 노원구청,서울특별시 노원구 공릉로58길 36 연촌초교,서울특별시 노원구 서울연촌초등학교,어린이보호,4,41,,30,9.Jan,02-2116-4919,37.635065,127.072862,2016.6.15
서울특별시 노원구청,서울특별시 노원구 한글비석로52길 59 온곡초교,서울특별시 노원구 서울온곡초등학교,어린이보호,6,41,,30,7.Jan,02-2116-4919,37.667608,127.06579,2016.6.15
서울특별시 노원구청,서울특별시 노원구 한글비석로1길 81-11 용동초교,서울특별시 노원구 서울용동초등학교,어린이보호,3,41,,30,8.Jan,02-2116-4919,37.641678,127.06944,2016.6.15
서울특별시 노원구청,서울특별시 노원구 섬밭로144 용원초교,서울특별시 노원구 서울용원초등학교,어린이보호,4,41,,30,9.Jan,02-2116-4919,37.629603,127.068866,2016.6.15
서울특별시 노원구청,서울특별시 노원구 덕릉로76길 18 원광초교,서울특별시 노원구 서울원광초등학교,어린이보호,3,41,,30,8.Jan,02-2116-4919,37.654212,127.074789,2016.6.15
서울특별시 노원구청,서울특별시 노원구 월계로45가길 10 월계초교,서울특별시 노원구 서울월계초등학교,어린이보호,4,41,,30,8.Jan,02-2116-4919,37.627663,127.050415,2016.6.15
서울특별시 노원구청,서울특별시 노원구 중계로239 을지초교,서울특별시 노원구 서울을지초등학교,어린이보호,6,41,,30,7.Jan,02-2116-4919,37.650352,127.07313,2016.6.15
서울특별시 노원구청,서울특별시 노원구 한글비석로19길 39 중계초교,서울특별시 노원구 서울중계초등학교,어린이보호,4,41,,30,9.Jan,02-2116-4919,37.657755,127.073028,2016.6.15
서울특별시 노원구청,서울특별시 노원구 섬밭로316 중원초교,서울특별시 노원구 서울중원초등학교,어린이보호,4,41,,30,8.Jan,02-2116-4919,37.643614,127.062826,2016.6.15
서울특별시 노원구청,서울특별시 노원구 섬밭로241 중평초교,서울특별시 노원구 서울중평초등학교,어린이보호,6,41,,30,7.Jan,02-2116-4919,37.63728,127.06409,2016.6.15
서울특별시 노원구청,서울특별시 노원구 섬밭로181 중현초교,서울특별시 노원구 서울중현초등학교,어린이보호,4,41,,30,7.Jan,02-2116-4919,37.632418,127.066235,2016.6.15
서울특별시 노원구청,서울특별시 노원구 공릉로431 청계초교,서울특별시 노원구 서울청계초등학교,어린이보호,4,41,,30,8.Jan,02-2116-4919,37.644887,127.066442,2016.6.15
서울특별시 노원구청,서울특별시 노원구 한글비석로506 청원초,서울특별시 노원구 서울청원초등학교,어린이보호,4,41,,30,9.Jan,02-2116-4919,37.666028,127.062013,2016.6.15
서울특별시 노원구청,서울특별시 노원구 화랑로815 태강삼육초,서울특별시 노원구 서울태강삼육초등학교,어린이보호,3,41,,30,8.Jan,02-2116-4919,37.643142,127.106251,2016.6.15
서울특별시 노원구청,서울특별시 노원구 화랑로51나길 31 태랑초,서울특별시 노원구 서울태랑초등학교,어린이보호,3,41,,30,9.Jan,02-2116-4919,37.625949,127.090535,2016.6.15
서울특별시 노원구청,서울특별시 노원구 노원로1길 36 태릉초,서울특별시 노원구 서울태릉초등학교,어린이보호,4,41,,30,9.Jan,02-2116-4919,37.622867,127.085243,2016.6.15
서울특별시 노원구청,서울특별시 노원구 마들로45 한천초학교,서울특별시 노원구 서울한천초등학교,어린이보호,4,41,,30,9.Jan,02-2116-4919,37.620464,127.069013,2016.6.15
서울특별시 노원구청,서울특별시 노원구 화랑로621 화랑초등학교,서울특별시 노원구 서울화랑초등학교,어린이보호,5,41,,30,7.Jan,02-2116-4919,37.629222,127.090551,2016.6.15
서울특별시 노원구청,서울특별시 노원구 동일로173길 13 공릉초교정문,서울특별시 노원구 공릉1동 683-24 공릉초교 정문앞,교통단속,1,41,,30,7.Jan,02-2116-4919,37.618322,127.074431,2016.6.15
서울특별시 노원구청,서울특별시 노원구 동일로175길 28 공릉초교후문,서울특별시 노원구 공릉1동 598-17 공릉초교 후문앞 (GS25),교통단속,1,41,,30,7.Jan,02-2116-4919,37.619789,127.073472,2016.6.15
서울특별시 노원구청,서울특별시 노원구 공릉로192 원자력병원입구,서울특별시 노원구 공릉2동 421-46 원자력병원주변,교통단속,1,41,,30,7.Jan,02-2116-4919,37.627014,127.079093,2016.6.15
서울특별시 노원구청,서울특별시 노원구 노원로1길 68 공릉2주민센터앞,서울특별시 노원구 공릉2동 87-7 공릉2동사무소 앞(화랑대역길) ,교통단속,1,41,,30,7.Jan,02-2116-4919,37.621237,127.083388,2016.6.15
서울특별시 노원구청,서울특별시 노원구 동일로 1114  수협사거리,서울특별시 노원구 공릉1동 739 수협 앞(공릉수협사거리) ,교통단속,1,41,,30,7.Jan,02-2116-4919,37.629261,127.071588,2016.6.15
서울특별시 노원구청,서울특별시 노원구 노원로15길 51-10 한신코어2동앞,서울특별시 노원구 하계1동  207-1 한신코아빌라2동 앞(중계 홈플러스주변) ,교통단속,1,41,,30,7.Jan,02-2116-4919,37.639907,127.069609,2016.6.15
서울특별시 노원구청,서울특별시 노원구 한글비석로 253 은행사거리 우리은행,서울특별시 노원구 중계1동 360-7 우리은행 앞(은행사거리) ,교통단속,1,41,,30,7.Jan,02-2116-4919,37.650371,127.076314,2016.6.15
서울특별시 노원구청,서울특별시 노원구 한글비석로 276 중계1주민센터건너편,"서울특별시 노원구 중계본동 366-11 신한은행,중계1동주민센터 맞은편",교통단속,1,41,,30,7.Jan,02-2116-4919,37.651877,127.077757,2016.6.15
서울특별시 노원구청,서울특별시 노원구 동일로207길 17 중계그린116동앞,"서울특별시 노원구 중계2,3동 503-2 중계그린아파트 115동 앞",교통단속,1,41,,30,7.Jan,02-2116-4919,37.642066,127.064046,2016.6.15
서울특별시 노원구청,서울특별시 노원구 동일로208길 20 중계무지개213동 앞,"서울특별시 노원구 중계2,3동 509-3  2001아울렛정문 정문삼거리앞 ",교통단속,1,41,,30,7.Jan,02-2116-4919,37.656271,127.062407,2016.6.15
서울특별시 노원구청,서울특별시 노원구 한글비석로384 상계역앞,서울특별시 노원구 중계4동 141-65상계역 앞  ,교통단속,1,41,,30,7.Jan,02-2116-4919,37.659782,127.073191,2016.6.15
서울특별시 노원구청,서울특별시 노원구 한글비석로 365 안경콘텍트앞,서울특별시 노원구 중계4동 157-5 안경콘텍트앞 중계초교근처 ,교통단속,1,41,,30,7.Jan,02-2116-4919,37.658168,127.074122,2016.6.15
서울특별시 노원구청,서울특별시 노원구 한글비석로 232 양지근린공원사거리,서울특별시 노원구 중계본동 364-15 양지근린공원 사거리,교통단속,1,41,,30,7.Jan,02-2116-4919,37.648423,127.076924,2016.6.15
서울특별시 노원구청,서울특별시 노원구 노해로 495 와우쇼핑몰 주변,서울특별시 노원구 상계2동 717번지 와우쇼핑몰 인근,교통단속,1,41,,30,7.Jan,02-2116-4919,37.655074,127.063083,2016.6.15
서울특별시 노원구청,서울특별시 노원구 덕릉로 769 기업은행 상계시장길,"서울특별시 노원구 상계3,4동 93-4 기업은행 앞,상계시장길",교통단속,1,41,,30,7.Jan,02-2116-4919,37.666015,127.077538,2016.6.15
서울특별시 노원구청,서울특별시 노원구 노해로 467 교보생명앞,"서울특별시 노원구 상계6,7동 712-2 교보생명 앞",교통단속,1,41,,30,7.Jan,02-2116-4919,37.654388,127.059702,2016.6.15
서울특별시 노원구청,서울특별시 노원구 동일로 1395 삼성생명앞,"서울특별시 노원구 상계6,7동 730 삼성생명 앞",교통단속,1,41,,30,7.Jan,02-2116-4919,37.653165,127.060428,2016.6.15
서울특별시 노원구청,서울특별시 노원구 노해로 488 롯데사거리주변,"서울특별시 노원구 상계6,7동 724 LG텔레콤 앞 (롯데사거리 주변) ",교통단속,1,41,,30,7.Jan,02-2116-4919,37.654273,127.062154,2016.6.15
서울특별시 노원구청,서울특별시 노원구 노해로 494 노원kt앞,"서울특별시 노원구 상계6,7동 724-3 노원전화국 앞",교통단속,1,41,,30,7.Jan,02-2116-4919,37.65454,127.062981,2016.6.15
서울특별시 노원구청,서울특별시 노원구 노원로34길 43 노원정보도서관앞,서울특별시 노원구 상계10동 412-1 노원정보도서관 앞,교통단속,1,41,,30,7.Jan,02-2116-4919,37.661061,127.064997,2016.6.15
서울특별시 노원구청,서울특별시 노원구 노해로85길 10-2 큰집설렁탕 ,서울특별시 노원구 상계2동 323-9 큰집설렁탕집 사거리 (문화의거리2) ,교통단속,1,41,,30,8.Jan,02-2116-4919,37.655742,127.065327,2016.6.15
서울특별시 노원구청,서울특별시 노원구 노해로81길 16 문화의거리,서울특별시 노원구 상계2동 606-16 화랑예식장 사거리 (문화의거리1) ,교통단속,1,41,,30,8.Jan,02-2116-4919,37.655557,127.06288,2016.6.15
서울특별시 노원구청,서울특별시 노원구 덕릉로 829 당고개역 기업은행,"서울특별시 노원구 상계3,4동 67-6 기업은행 사거리(당고개역북쪽)",교통단속,1,41,,30,8.Jan,02-2116-4919,37.670569,127.081336,2016.6.15
서울특별시 노원구청,서울특별시 노원구 공릉로 137 공릉구길,서울특별시 노원구 공릉2동 338-26공릉구길 국민은행 태강APT 입구(공릉구길 1주변) ,교통단속,1,41,,30,8.Jan,02-2116-4919,37.622404,127.079071,2016.6.15
서울특별시 노원구청,서울특별시 노원구 공릉로175 공릉삼익2차앞,서울특별시 노원구 공릉2동 413-2 삼익2차아파트 201동앞 삼거리,교통단속,1,41,,30,8.Jan,02-2116-4919,37.625585,127.079739,2016.6.15
서울특별시 노원구청,서울특별시 노원구 광운로 64 광운대역 국민은행앞,서울특별시 노원구 월계1동 383-4 성북역 국민은행 삼거리 ,교통단속,1,41,,30,8.Jan,02-2116-4919,37.622799,127.060167,2016.6.15
서울특별시 노원구청,서울특별시 노원구 동일로208길 20 중계무지개205동 앞,"서울특별시 노원구 중계2,3동 512-2 무지개APT 205동 사거리 (중개무지개아파트주변) ",교통단속,1,41,,30,8.Jan,02-2116-4919,37.656271,127.062407,2016.6.15
서울특별시 노원구청,서울특별시 노원구  동일로174길 24 북부지원,서울특별시 노원구 공릉1동 670-12 북부지원 정문 삼거리 (북부지원 정문주변) ,교통단속,1,41,,30,8.Jan,02-2116-4919,37.618807,127.076827,2016.6.15
서울특별시 노원구청,서울특별시 노원구 노원로461 한우리부페,서울특별시 노원구 상계2동 366-18 한우리부페/우성아파트 사거리 (한우리웨딩홀주변) ,교통단속,1,41,,30,8.Jan,02-2116-4919,37.657392,127.06559,2016.6.15
서울특별시 노원구청,서울특별시 노원구 공릉로231 산업대정문앞,서울특별시 노원구 공릉2동 172-25 산업대 정문 앞 삼거리 (산업대입구 주변) ,교통단속,1,41,,30,8.Jan,02-2116-4919,37.629723,127.07612,2016.6.15
서울특별시 노원구청,서울특별시 노원구 노원로 253 하계1주민센터앞,서울특별시 노원구 하계1동 251-6하계1동 주민센터 앞,교통단속,1,41,,30,9.Jan,02-2116-4919,37.639911,127.072936,2016.6.15
서울특별시 노원구청,서울특별시 노원구 덕릉로623 원광초교사거리,서울특별시 노원구 중계1동 426-43 (원광초등학교 주변),교통단속,1,41,,30,9.Jan,02-2116-4919,37.653301,127.073629,2016.6.15
서울특별시 노원구청,서울특별시 노원구 초안산로5길28 월계2주민센터앞,서울특별시 노원구 월계2동 777-1월계주민센터 앞,교통단속,1,41,,30,9.Jan,02-2116-4919,37.632471,127.050764,2016.6.15
서울특별시 노원구청,서울특별시 노원구 공릉로34길 34 태강아파트와공릉아파트사잇길,서울특별시 노원구 공릉2동 248-8 (태강아파트와공릉아파트사이길),교통단속,1,41,,30,9.Jan,02-2116-4919,37.622947,127.080929,2016.6.15
서울특별시 노원구청,서울특별시 노원구 공릉로58길 79 연촌초교,서울특별시 노원구 하계1동 162 연촌초교,교통단속,1,41,,30,9.Jan,02-2116-4919,37.635615,127.072879,2016.6.15
서울특별시 노원구청,서울특별시 노원구 중계로239 청암고교사거리,서울특별시 노원구 중계1동 360 을지초등학교방향 청암고교 사거리,교통단속,1,41,,30,9.Jan,02-2116-4919,37.650352,127.07313,2016.6.15
서울특별시 노원구청,서울특별시 노원구 동일로232길 24  노원초교앞,서울특별시 노원구 상계1동 1019-43 광원2길(노원초등학교 앞),교통단속,1,41,,30,9.Jan,02-2116-4919,37.67274,127.057247,2016.6.15
서울특별시 노원구청,서울특별시 노원구 광운로10길 3 광운길,서울특별시 노원구 월계1동 403-8 광운대학교 앞 광운길,교통단속,1,41,,30,9.Jan,02-2116-4919,37.620861,127.059286,2016.6.15
서울특별시 노원구청,서울특별시 노원구 석계로3길 3 석계역환승주차장,서울특별시 노원구 월계1동 47-19 석계역 환승주차장앞 삼거리 ,교통단속,1,41,,30,9.Jan,02-2116-4919,37.615516,127.064325,2016.6.15
서울특별시 노원구청,서울특별시 노원구 공릉로62가길 47 대진고교사거리,서울특별시 노원구 하계1동 산16-51 대진고교사거리,교통단속,1,41,,30,9.Jan,02-2116-4919,37.637601,127.07504,2016.6.15
서울특별시 노원구청,서울특별시 노원구 화랑로 429 태릉입구역 사거리,서울특별시 노원구 공릉1동 680-7 태릉입구역 사거리,교통단속,1,41,,30,9.Jan,02-2116-4919,37.617717,127.07512,2016.6.15
서울특별시 노원구청,서울특별시 노원구 동일로242길 88 천상병시인공원,서울특별시 노원구 상계1동 1277-1 천상병시인공원주변 ,교통단속,1,41,,30,9.Jan,02-2116-4919,37.673799,127.060022,2016.6.15
서울특별시 노원구청,서울특별시 노원구 동일로210길 86 가재울가스충전소앞,"서울특별시 노원구 중계2,3동 515-5 가재울길 가스충전소앞 ",교통단속,1,41,,30,9.Jan,02-2116-4919,37.64917,127.067046,2016.6.15
서울특별시 노원구청,서울특별시 노원구 동일로 1553 마들역사거리 농협앞,서울특별시 노원구 상계8동 651-1 마들역사거리 농협앞,교통단속,1,41,,30,9.Jan,02-2116-4919,37.667051,127.056758,2016.6.15
서울특별시 노원구청,서울특별시 노원구 공릉로 320  해바라기공원,서울특별시 노원구 하계1동 278-5 해바라기공원 삼거리,교통단속,1,41,,30,9.Jan,02-2116-4919,37.635379,127.071414,2016.6.15
서울특별시 노원구청,서울특별시 노원구 동일로192길 91 동부아파트삼거리,서울특별시 노원구 공릉2동 441-22 동부아파트 삼거리 ,교통단속,1,41,,30,9.Jan,02-2116-4919,37.627686,127.077761,2016.6.15
서울특별시 노원구청,서울특별시 노원구 덕릉로 780 불암현대입구,"서울특별시 노원구 상계3,4동 107-1798 불암현대아파트 입구 삼거리 ",교통단속,1,41,,30,9.Jan,02-2116-4919,37.666925,127.079735,2016.6.15
서울특별시 노원구청,서울특별시 노원구 상계로1길 38 주공7단지길,서울특별시 노원구 상계2동 581-171 패밀리 마트 맞은편,교통단속,1,41,,30,9.Jan,02-2116-4919,37.657684,127.061695,2016.6.15
서울특별시 노원구청,서울특별시 노원구 동일로 1493  로또명당,서울특별시 노원구 상계8동 666-3상계10단지 주공@ 상가앞,교통단속,1,130,,30,10.Jan,02-2116-4919,37.661438,127.057878,2016.6.15
서울특별시 노원구청,서울특별시 노원구 동일로 1019 신한은행길건너편,서울특별시 노원구 공릉1동 576-18 신한은행 길건너편,교통단속,1,130,,30,10.Jan,02-2116-4919,37.621031,127.074118,2016.6.15
서울특별시 노원구청,서울특별시 노원구 동일로 1048 화랑지구대앞,서울특별시 노원구 공릉1동 513-1 화랑지구대 앞,교통단속,1,130,,30,10.Jan,02-2116-4919,37.623622,127.073918,2016.6.15
서울특별시 노원구청,서울특별시 노원구 한글비석로 471 GS슈퍼마켓,서울특별시 노원구 상계9동 684 보람아파트(GS슈퍼마켓)사거리,교통단속,1,130,,30,10.Jan,02-2116-4919,37.664033,127.065375,2016.6.15
서울특별시 노원구청,서울특별시 노원구 섬밭로258 중평초사거리,"서울특별시 노원구 중계2,3동 506-1 중평초등학교 앞 사거리",교통단속,1,130,,30,10.Jan,02-2116-4919,37.638944,127.064729,2016.6.15
서울특별시 노원구청,서울특별시 노원구 덕릉로 730 불암대림아파트입구,서울특별시 노원구 중계동 137-37 불암 대림 아파트 입구 앞 ,교통단속,1,130,,30,11.Jan,02-2116-4919,37.663172,127.077015,2016.6.15
서울특별시 노원구청,서울특별시 노원구 섬밭로144 용원초교버스정류장앞,서울특별시 노원구 공릉1동 727-1 용원초교앞 삼거리 ,교통단속,1,130,,30,11.Jan,02-2116-4919,37.629603,127.068866,2016.6.15
서울특별시 노원구청,서울특별시 노원구 중계로 172-13 문화예술회관사거리,서울특별시 노원구 중계본동 364-4 문화예술회관앞 사거리,교통단속,1,130,,30,11.Jan,02-2116-4919,37.650424,127.081695,2016.6.15
서울특별시 노원구청,서울특별시 노원구 화랑로 331  석계역1번출구,서울특별시 노원구 월계1동 47-39 석계역주변 ,교통단속,1,41,,30,12.Jan,02-2116-4919,37.614924,127.064546,2016.6.15
서울특별시 노원구청,서울특별시 노원구 동일로192길 72 현대성우아파트입구,서울특별시 노원구 공릉2동 425-8 현대성우아파트 입구,교통단속,1,41,,30,12.Jan,02-2116-4919,37.627006,127.076779,2016.6.15
서울특별시 노원구청,서울특별시 노원구 한글비석로19길 16 중계초교후문삼거리,서울특별시 노원구 중계4동 157-65 중계초교삼거리,교통단속,1,41,,30,12.Jan,02-2116-4919,37.658443,127.072728,2016.6.15
서울특별시 노원구청,서울특별시 노원구 동일로204가길 12 중계홈플러스주차장입구,"서울특별시 노원구 중계2,3동 508-2 중계동 홈플러스 앞",교통단속,1,41,,30,13.Jan,02-2116-4919,37.639815,127.06864,2016.6.15
서울특별시 노원구청,"서울특별시 노원구 덕릉로76길 23 원광초교,중계중학교정문",서울특별시 노원구 중계4동 358-3 원광초교앞 사거리,교통단속,1,41,,30,13.Jan,02-2116-4919,37.655096,127.075474,2016.6.15
서울특별시 노원구청,서울특별시 노원구 월계로370 월계헬스케어센터앞,서울특별시 노원구 월계3동 321 월계헬스케어센터앞,교통단속,1,41,,30,13.Jan,02-2116-4919,37.630876,127.061042,2016.6.15
서울특별시 노원구청,서울특별시 노원구 노원로 3 공릉2치안센터앞,서울특별시 노원구 공릉2동 90-4공릉2 치안센터앞,교통단속,1,41,,30,13.Jan,02-2116-4919,37.621882,127.086575,2016.6.15
서울특별시 노원구청,서울특별시 노원구 월계로45가길 10 월계초교삼거리,서울특별시 노원구 월계2동 820-9 월계초교,교통단속,1,40,,30,13.Jan,02-2116-4919,37.627663,127.050415,2016.6.15
서울특별시 노원구청,서울특별시 노원구 노원로18길 41  하계현대2차입구,서울특별시 노원구 하계1동 288-1 동천학교,교통단속,1,200,,30,13.Jan,02-2116-4919,37.644436,127.073394,2016.6.15
서울특별시 노원구청,서울특별시 노원구 공릉로420 청계초 중원중사거리,"서울특별시 노원구 중계2,3동 514-7 청계초교",교통단속,1,40,,30,13.Jan,02-2116-4919,37.644198,127.06807,2016.6.15
서울특별시 노원구청,서울특별시 노원구 중계로 18길17 효천유치원앞,서울특별시 노원구 중계동 366-13 효천유치원 앞,교통단속,1,130,,30,14.Jan,02-2116-4919,37.65148,127.077856,2016.6.15
서울특별시 노원구청,서울특별시 노원구 화랑로51길 17 밀리니엄빌딩삼거리,서울특별시 노원구 공릉2동 111,교통단속,1,130,,30,14.Jan,02-2116-4919,37.623402,127.088499,2016.6.15
서울특별시 노원구청,서울특별시 노원구 동일로242길 8-9 ,서울특별시 노원구 상계1동 1119-43,시설물관리,1,41,,30,4.Jan,02-2116-4919,37.675241,127.055846,2016.6.15
서울특별시 노원구청,서울특별시 노원구 동일로239가길 7 ,서울특별시 노원구 상계1동 1118-35,시설물관리,1,41,,30,4.Jan,02-2116-4919,37.675408,127.05461,2016.6.15
서울특별시 노원구청,서울특별시 노원구 동일로239길 41-8 ,서울특별시 노원구 상계1동 1048-40,시설물관리,1,41,,30,4.Jan,02-2116-4919,37.674726,127.052706,2016.6.15
서울특별시 노원구청,서울특별시 노원구 동일로237바길 31-5 ,서울특별시 노원구 상계1동 1090-11,시설물관리,1,41,,30,4.Jan,02-2116-4919,37.674481,127.051371,2016.6.15
서울특별시 노원구청,서울특별시 노원구 동일로237바길 7 ,서울특별시 노원구 상계1동 1086-17,시설물관리,1,41,,30,4.Jan,02-2116-4919,37.673745,127.050459,2016.6.15
서울특별시 노원구청,서울특별시 노원구 동일로239나길 44 ,서울특별시 노원구 상계1동 1098-13,시설물관리,1,41,,30,4.Jan,02-2116-4919,37.677008,127.051816,2016.6.15
서울특별시 노원구청,서울특별시 노원구 동일로193가길 27 ,서울특별시 노원구 공릉1동 379-2,시설물관리,1,41,,30,4.Jan,02-2116-4919,37.627097,127.071201,2016.6.15
서울특별시 노원구청,서울특별시 노원구 동일로193길 14 ,서울특별시 노원구 공릉1동 379-23 신도2차 아파트 앞,시설물관리,1,41,,30,5.Jan,02-2116-4919,37.626024,127.071731,2016.6.15
서울특별시 노원구청,서울특별시 노원구 동일로191가길 48 ,서울특별시 노원구 공릉1동 380-4 나래 어린이 공원 앞,시설물관리,1,41,,30,5.Jan,02-2116-4919,37.6271,127.071001,2016.6.15
서울특별시 노원구청,서울특별시 노원구 동일로196길 27-6 ,서울특별시 노원구 공릉1동  366-6 양지연립 앞,시설물관리,1,41,,30,5.Jan,02-2116-4919,37.628333,127.073602,2016.6.15
서울특별시 노원구청,서울특별시 노원구 동일로196길 19,서울특별시 노원구 공릉1동 371-1 씨알 어린이공원 앞,시설물관리,1,41,,30,5.Jan,02-2116-4919,37.627998,127.07313,2016.6.15
서울특별시 노원구청,서울특별시 노원구 동일로192가길 9,서울특별시 노원구 공릉1동 371-10 공연 초등학교 앞,시설물관리,1,41,,30,5.Jan,02-2116-4919,37.626454,127.073686,2016.6.15
서울특별시 노원구청,서울특별시 노원구 동일로192나길 14 ,서울특별시 노원구 공릉1동 389-1 신원 아파트 앞,시설물관리,1,41,,30,5.Jan,02-2116-4919,37.627244,127.075139,2016.6.15
서울특별시 노원구청,서울특별시 노원구 광운로19가길13,서울특별시 노원구 월계1동 376-5,쓰레기단속,1,41,,30,4.Jan,02-2116-4919,37.624094,127.059524,2016.6.15
서울특별시 노원구청,서울특별시 노원구 공릉로35길22,서울특별시 노원구 공릉2동 338-46,쓰레기단속,1,41,,30,4.Jan,02-2116-4919,37.622797,127.078016,2016.6.15
서울특별시 노원구청,서울특별시 노원구 상계로3길35,서울특별시 노원구 상계2동 591-23,쓰레기단속,1,41,,30,4.Jan,02-2116-4919,37.657726,127.062151,2016.6.15
서울특별시 노원구청,서울특별시 노원구 한글비석로24길 83,서울특별시 노원구 상계5동  140-207,쓰레기단속,1,41,,30,4.Jan,02-2116-4919,37.663877,127.074161,2016.6.15
서울특별시 노원구청,서울특별시 노원구 한글비석로444,서울특별시 노원구 상계5동 450-8,쓰레기단속,1,41,,30,4.Jan,02-2116-4919,37.663574,127.068481,2016.6.15
서울특별시 노원구청,서울특별시 노원구 동일로198길 42,서울특별시 노원구 공릉1동  366-32,쓰레기단속,1,41,,30,4.Jan,02-2116-4919,37.629077,127.07394,2016.6.15
서울특별시 노원구청,서울특별시 노원구 동일로239길 26,서울특별시 노원구 상계1동  1102-17,쓰레기단속,1,41,,30,4.Jan,02-2116-4919,37.675176,127.05365,2016.6.15
서울특별시 노원구청,서울특별시 노원구 석계로8가길 7,서울특별시 노원구 월계1동 64-2 주전자앞,쓰레기단속,1,300,,30,12.Jan,02-2116-4919,37.616346,127.064619,2016.6.15
서울특별시 노원구청,서울특별시 노원구 월계로49길 24,서울특별시 노원구 월계2동 633-62 걸프렌즈앞,쓰레기단속,1,300,,30,12.Jan,02-2116-4919,37.62987,127.056181,2016.6.15
서울특별시 노원구청,서울특별시 노원구 덕릉로119가길 40-14,"서울특별시 노원구 상계3,4동 65-18 문수암앞 공터",쓰레기단속,1,300,,30,12.Jan,02-2116-4919,37.669548,127.079582,2016.6.15
서울특별시 노원구청,서울특별시 노원구 덕릉로115다길 68,"서울특별시 노원구 상계3,4동 65-36 은혜슈퍼앞",쓰레기단속,1,300,,30,12.Jan,02-2116-4919,37.669538,127.079087,2016.6.15
서울특별시 노원구청,서울특별시 노원구 덕릉로712-4,서울특별시 노원구 중계4동 137-9 할렐루야 교회 앞,쓰레기단속,1,300,,30,12.Jan,02-2116-4919,37.66093,127.075857,2016.6.15
서울특별시 노원구청,서울특별시 노원구 광운로69,서울특별시 노원구 월계1동383-3,쓰레기단속,1,200,,30,13.Jan,02-2116-4919,37.623447,127.060031,2016.6.15
서울특별시 노원구청,서울특별시 노원구 광운로 81,서울특별시 노원구 월계1동376-15,쓰레기단속,1,200,,30,13.Jan,02-2116-4919,37.624542,127.05994,2016.6.15
서울특별시 노원구청,서울특별시 노원구 광운로84,서울특별시 노원구 월계1동372-5,쓰레기단속,1,200,,30,13.Jan,02-2116-4919,37.624558,127.06035,2016.6.15
서울특별시 노원구청,서울특별시 노원구 광운로2길6,서울특별시 노원구 월계1동472-45,쓰레기단속,1,200,,30,13.Jan,02-2116-4919,37.61806,127.057411,2016.6.15
서울특별시 노원구청,서울특별시 노원구 광운로3길20-3,서울특별시 노원구 월계1동496-77,쓰레기단속,1,200,,30,13.Jan,02-2116-4919,37.619614,127.056903,2016.6.15
서울특별시 노원구청,서울특별시 노원구 광운로10길 9,서울특별시 노원구 월계1동404-17,쓰레기단속,1,200,,30,13.Jan,02-2116-4919,37.620755,127.059607,2016.6.15
서울특별시 노원구청,서울특별시 노원구 광운로12길12,서울특별시 노원구 월계1동411-37,쓰레기단속,1,200,,30,13.Jan,02-2116-4919,37.620961,127.059852,2016.6.15
서울특별시 노원구청,서울특별시 노원구 광운로13길11,서울특별시 노원구 월계1동402-12,쓰레기단속,1,200,,30,13.Jan,02-2116-4919,37.621026,127.058465,2016.6.15
서울특별시 노원구청,서울특별시 노원구 석계로 59,서울특별시 노원구 월계1동928,쓰레기단속,1,200,,30,13.Jan,02-2116-4919,37.619953,127.06286,2016.6.15
서울특별시 노원구청,서울특별시 노원구 월계로44나길59,서울특별시 노원구 월계1동534-19,쓰레기단속,1,200,,30,13.Jan,02-2116-4919,37.624277,127.055062,2016.6.15
서울특별시 노원구청,서울특별시 노원구 석계로7길 24,서울특별시 노원구 월계1동55-5,쓰레기단속,1,200,,30,13.Jan,02-2116-4919,37.615947,127.063289,2016.6.15
서울특별시 노원구청,서울특별시 노원구 석계로15길 17,서울특별시 노원구 월계1동411-32,쓰레기단속,1,200,,30,13.Jan,02-2116-4919,37.622344,127.061132,2016.6.15
서울특별시 노원구청,서울특별시 노원구 광운로13길 20,서울특별시 노원구 월계1동392-42,쓰레기단속,1,200,,30,13.Jan,02-2116-4919,37.62133,127.058211,2016.6.15
서울특별시 노원구청,서울특별시 노원구 덕릉로60길298,서울특별시 노원구 월계2동855-2,쓰레기단속,1,200,,30,13.Jan,02-2116-4919,37.628494,127.046496,2016.6.15
서울특별시 노원구청,서울특별시 노원구 우인천로2나길11,서울특별시 노원구 월계2동907-12,쓰레기단속,1,200,,30,13.Jan,02-2116-4919,37.632171,127.043611,2016.6.15
서울특별시 노원구청,서울특별시 노원구 월계로53길 65,서울특별시 노원구 월계2동272-38,쓰레기단속,1,200,,30,13.Jan,02-2116-4919,37.633092,127.05855,2016.6.15
서울특별시 노원구청,서울특별시 노원구 초안산로2길84-15,서울특별시 노원구 월계2동272-21,쓰레기단속,1,200,,30,13.Jan,02-2116-4919,37.632001,127.057866,2016.6.15
서울특별시 노원구청,서울특별시 노원구 초안산로2길94-17,서울특별시 노원구 월계2동272-59,쓰레기단속,1,200,,30,13.Jan,02-2116-4919,37.632476,127.058147,2016.6.15
서울특별시 노원구청,서울특별시 노원구 월계1동 298-8 노원변전소,서울특별시 노원구 월계1동 298-8 노원변전소,쓰레기단속,1,200,,30,13.Jan,02-2116-4919,37.628233,127.059379,2016.6.15
서울특별시 노원구청,서울특별시 노원구 화랑로345,서울특별시 노원구 월계3동39-1,쓰레기단속,1,200,,30,13.Jan,02-2116-4919,37.61555,127.066187,2016.6.15
서울특별시 노원구청,서울특별시 노원구 공릉로20길25,서울특별시 노원구 공릉1동645-10,쓰레기단속,1,200,,30,13.Jan,02-2116-4919,37.619664,37.619664,2016.6.15
서울특별시 노원구청,서울특별시 노원구 공릉로20가길16,서울특별시 노원구 공릉1동645-1,쓰레기단속,1,200,,30,13.Jan,02-2116-4919,37.620241,127.079022,2016.6.15
서울특별시 노원구청,서울특별시 노원구 동일로178길14,서울특별시 노원구 공릉1동593-3,쓰레기단속,1,200,,30,13.Jan,02-2116-4919,37.621048,127.075452,2016.6.15
서울특별시 노원구청,서울특별시 노원구 동일로182길25-14,서울특별시 노원구 공릉1동517-61,쓰레기단속,1,200,,30,13.Jan,02-2116-4919,37.623473,127.075413,2016.6.15
서울특별시 노원구청,서울특별시 노원구 동일로182길 37-11 ,서울특별시 노원구 공릉1동517-71,쓰레기단속,1,200,,30,13.Jan,02-2116-4919,37.623379,127.075808,2016.6.15
서울특별시 노원구청,서울특별시 노원구 동일로190길21,서울특별시 노원구 공릉1동395-4  에덴빌라,쓰레기단속,1,200,,30,13.Jan,02-2116-4919,37.625591,127.07426,2016.6.15
서울특별시 노원구청,서울특별시 노원구 동일로196길27-5,서울특별시 노원구 공릉1동362-14,쓰레기단속,1,200,,30,13.Jan,02-2116-4919,37.628194,127.073347,2016.6.15
서울특별시 노원구청,서울특별시 노원구 노원로1라길6,서울특별시 노원구 공릉2동270-56,쓰레기단속,1,200,,30,13.Jan,02-2116-4919,37.621052,127.081597,2016.6.15
서울특별시 노원구청,서울특별시 노원구 공릉로33길16-10,서울특별시 노원구 공릉2동338-55,쓰레기단속,1,200,,30,13.Jan,02-2116-4919,37.622699,127.078312,2016.6.15
서울특별시 노원구청,서울특별시 노원구 공릉로38길15-12,서울특별시 노원구 공릉2동238-5,쓰레기단속,1,200,,30,13.Jan,02-2116-4919,37.623643,127.080492,2016.6.15
서울특별시 노원구청,서울특별시 노원구 공릉로38길23-6,서울특별시 노원구 공릉2동238-13,쓰레기단속,1,200,,30,13.Jan,02-2116-4919,37.623397,127.080821,2016.6.15
서울특별시 노원구청,서울특별시 노원구 공릉로42길13-25,서울특별시 노원구 공릉2동224-9   남결빌라 302호,쓰레기단속,1,200,,30,13.Jan,02-2116-4919,37.625345,127.080514,2016.6.15
서울특별시 노원구청,서울특별시 노원구 공릉로179,서울특별시 노원구 공릉2동408-8,쓰레기단속,1,200,,30,13.Jan,02-2116-4919,37.6258,127.079627,2016.6.15
서울특별시 노원구청,서울특별시 노원구 공릉로58길63,서울특별시 노원구 하계1동158-4,쓰레기단속,1,200,,30,13.Jan,02-2116-4919,37.635164,127.072075,2016.6.15
서울특별시 노원구청,서울특별시 노원구 공릉로58길121-28,서울특별시 노원구 하계1동61-21,쓰레기단속,1,200,,30,13.Jan,02-2116-4919,37.636481,127.075081,2016.6.15
서울특별시 노원구청,서울특별시 노원구 공릉로58길126,서울특별시 노원구 하계1동72-19,쓰레기단속,1,200,,30,13.Jan,02-2116-4919,37.636136,127.075166,2016.6.15
서울특별시 노원구청,서울특별시 노원구 공릉로58길161,서울특별시 노원구 하계1동252-1,쓰레기단속,1,200,,30,13.Jan,02-2116-4919,37.637473,127.076584,2016.6.15
서울특별시 노원구청,서울특별시 노원구 공릉로58가길4,서울특별시 노원구 하계1동169-3,쓰레기단속,1,200,,30,13.Jan,02-2116-4919,37.635748,127.07309,2016.6.15
서울특별시 노원구청,서울특별시 노원구 공릉로58다길12,서울특별시 노원구 하계1동61-24,쓰레기단속,1,200,,30,13.Jan,02-2116-4919,37.636485,127.074553,2016.6.15
서울특별시 노원구청,서울특별시 노원구 공릉로59나길148,서울특별시 노원구 하계1동115-6,쓰레기단속,1,200,,30,13.Jan,02-2116-4919,37.635063,127.070193,2016.6.15
서울특별시 노원구청,서울특별시 노원구 중계로2길50,서울특별시 노원구 중계본동29-26,쓰레기단속,1,200,,30,13.Jan,02-2116-4919,37.641831,127.083744,2016.6.15
서울특별시 노원구청,서울특별시 노원구 중계로6가길29,서울특별시 노원구 중계본동산104-42,쓰레기단속,1,200,,30,13.Jan,02-2116-4919,37.64405,127.084938,2016.6.15
서울특별시 노원구청,서울특별시 노원구 중계로14다길39,서울특별시 노원구 중계본동75-41,쓰레기단속,1,200,,30,13.Jan,02-2116-4919,37.649207,127.084029,2016.6.15
서울특별시 노원구청,서울특별시 노원구 중계로14라길34,서울특별시 노원구 중계본동75-14,쓰레기단속,1,200,,30,13.Jan,02-2116-4919,37.649531,127.083978,2016.6.15
서울특별시 노원구청,서울특별시 노원구 중계로16길44,서울특별시 노원구 중계본동107-13,쓰레기단속,1,200,,30,13.Jan,02-2116-4919,37.650921,127.082682,2016.6.15
서울특별시 노원구청,서울특별시 노원구 중계로16길64,서울특별시 노원구 중계본동109-9,쓰레기단속,1,200,,30,13.Jan,02-2116-4919,37.65075,127.083846,2016.6.15
서울특별시 노원구청,서울특별시 노원구 덕릉로699,서울특별시 노원구 중계4동170-10,쓰레기단속,1,200,,30,13.Jan,02-2116-4919,37.660074,127.075196,2016.6.15
서울특별시 노원구청,서울특별시 노원구 덕릉로92길13,서울특별시 노원구 중계4동133-17,쓰레기단속,1,200,,30,13.Jan,02-2116-4919,37.660922,127.076411,2016.6.15
서울특별시 노원구청,서울특별시 노원구 덕릉로83길15,서울특별시 노원구 중계4동154-41,쓰레기단속,1,200,,30,13.Jan,02-2116-4919,37.659816,127.074413,2016.6.15
서울특별시 노원구청,서울특별시 노원구 동일로231가길7,서울특별시 노원구 상계1동1064-11,쓰레기단속,1,200,,30,13.Jan,02-2116-4919,37.672219,127.052331,2016.6.15
서울특별시 노원구청,서울특별시 노원구 동일로239나길27,서울특별시 노원구 상계1동1096-14,쓰레기단속,1,200,,30,13.Jan,02-2116-4919,37.67637,127.051272,2016.6.15
서울특별시 노원구청,서울특별시 노원구 동일로241다길22,서울특별시 노원구 상계1동1108-13,쓰레기단속,1,200,,30,13.Jan,02-2116-4919,37.677451,127.052131,2016.6.15
서울특별시 노원구청,서울특별시 노원구 덕릉로113길15 늘푸른교회,"서울특별시 노원구 상계3,4동 91 늘푸른교회",쓰레기단속,1,200,,30,13.Jan,02-2116-4919,37.666173,127.077295,2016.6.15
서울특별시 노원구청,서울특별시 노원구 동일로242다길19,서울특별시 노원구 상계1동1120-33,쓰레기단속,1,200,,30,13.Jan,02-2116-4919,37.675669,127.057205,2016.6.15
서울특별시 노원구청,서울특별시 노원구 동일로1697,서울특별시 노원구 상계1동1259,쓰레기단속,1,200,,30,13.Jan,02-2116-4919,37.679808,127.054976,2016.6.15
서울특별시 노원구청,서울특별시 노원구 상계로7길40,서울특별시 노원구 상계2동364-30,쓰레기단속,1,200,,30,13.Jan,02-2116-4919,37.658477,127.064445,2016.6.15
서울특별시 노원구청,서울특별시 노원구 상계로9길9,서울특별시 노원구 상계2동370-3,쓰레기단속,1,200,,30,13.Jan,02-2116-4919,37.657758,127.06693,2016.6.15
서울특별시 노원구청,서울특별시 노원구 상계로9가길32,서울특별시 노원구 상계2동389-532,쓰레기단속,1,200,,30,13.Jan,02-2116-4919,37.659103,127.067685,2016.6.15
서울특별시 노원구청,서울특별시 노원구 상계로12길15-4,서울특별시 노원구 상계2동176-80,쓰레기단속,1,200,,30,13.Jan,02-2116-4919,37.657206,127.068787,2016.6.15
서울특별시 노원구청,서울특별시 노원구 상계로17길43-7,서울특별시 노원구 상계2동393-20,쓰레기단속,1,200,,30,13.Jan,02-2116-4919,37.659124,127.066812,2016.6.15
서울특별시 노원구청,서울특별시 노원구 상계로26길13,서울특별시 노원구 상계2동387-213,쓰레기단속,1,200,,30,13.Jan,02-2116-4919,37.658054,127.070941,2016.6.15
서울특별시 노원구청,서울특별시 노원구 한글비석로47길105,서울특별시 노원구 상계2동407-24,쓰레기단속,1,200,,30,13.Jan,02-2116-4919,37.659633,127.065816,2016.6.15
서울특별시 노원구청,서울특별시 노원구 덕릉로109길27,"서울특별시 노원구 상계3,4동90-1",쓰레기단속,1,200,,30,13.Jan,02-2116-4919,37.66654,127.076535,2016.6.15
서울특별시 노원구청,서울특별시 노원구 덕릉로119가길32,"서울특별시 노원구 상계3,4동65-23",쓰레기단속,1,200,,30,13.Jan,02-2116-4919,37.669663,127.079818,2016.6.15
서울특별시 노원구청,서울특별시 노원구 덕릉로124길3-9,서울특별시 노원구 상계2동72-93,쓰레기단속,1,200,,30,13.Jan,02-2116-4919,37.670004,127.081694,2016.6.15
서울특별시 노원구청,서울특별시 노원구 덕릉로124길22,"서울특별시 노원구 상계3,4동77-22",쓰레기단속,1,200,,30,13.Jan,02-2116-4919,37.669131,127.081627,2016.6.15
서울특별시 노원구청,서울특별시 노원구 덕릉로124가길7,"서울특별시 노원구 상계3,4동72-99",쓰레기단속,1,200,,30,13.Jan,02-2116-4919,37.669886,127.081653,2016.6.15
서울특별시 노원구청,서울특별시 노원구 덕릉로127길10-22,"서울특별시 노원구 상계3,4동52-34",쓰레기단속,1,200,,30,13.Jan,02-2116-4919,37.672009,127.082151,2016.6.15
서울특별시 노원구청,서울특별시 노원구 덕릉로134길10,"서울특별시 노원구 상계3,4동71-3",쓰레기단속,1,200,,30,13.Jan,02-2116-4919,37.672582,127.084145,2016.6.15
서울특별시 노원구청,서울특별시 노원구 덕릉로134가길24,"서울특별시 노원구 상계3,4동71-22",쓰레기단속,1,200,,30,13.Jan,02-2116-4919,37.672355,127.085389,2016.6.15
서울특별시 노원구청,서울특별시 노원구 덕릉로139길16,"서울특별시 노원구 상계3,4동63-7",쓰레기단속,1,200,,30,13.Jan,02-2116-4919,37.674531,127.08389,2016.6.15
서울특별시 노원구청,서울특별시 노원구 덕릉로141가길7,"서울특별시 노원구 상계3,4동169-497",쓰레기단속,1,200,,30,13.Jan,02-2116-4919,37.67495,127.084753,2016.6.15
서울특별시 노원구청,서울특별시 노원구 덕릉로141가길23,"서울특별시 노원구 상계3,4동5-2",쓰레기단속,1,200,,30,13.Jan,02-2116-4919,37.674679,127.084585,2016.6.15
서울특별시 노원구청,서울특별시 노원구 덕릉로143길 23-9,서울특별시 노원구 상계1동1113-40,쓰레기단속,1,200,,30,13.Jan,02-2116-4919,37.675344,127.084912,2016.6.15
서울특별시 노원구청,서울특별시 노원구 덕릉로124길 3-9,"서울특별시 노원구 상계3,4동72-93",쓰레기단속,1,200,,30,13.Jan,02-2116-4919,37.670004,127.081694,2016.6.15
서울특별시 노원구청,서울특별시 노원구 상계로33길6-12,"서울특별시 노원구 상계3,4동111-110",쓰레기단속,1,200,,30,13.Jan,02-2116-4919,37.670526,127.078397,2016.6.15
서울특별시 노원구청,서울특별시 노원구 상계로33길33,"서울특별시 노원구 상계3,4동111-158",쓰레기단속,1,200,,30,13.Jan,02-2116-4919,37.670747,127.077242,2016.6.15
서울특별시 노원구청,서울특별시 노원구 상계로33길52-21,"서울특별시 노원구 상계3,4동111-39",쓰레기단속,1,200,,30,13.Jan,02-2116-4919,37.671526,127.077421,2016.6.15
서울특별시 노원구청,서울특별시 노원구 상계로35길86-6,"서울특별시 노원구 상계3,4동58-33",쓰레기단속,1,200,,30,13.Jan,02-2116-4919,37.674319,127.079387,2016.6.15
서울특별시 노원구청,서울특별시 노원구 상계로35가길48,"서울특별시 노원구 상계3,4동111-329",쓰레기단속,1,200,,30,13.Jan,02-2116-4919,37.672573,127.079505,2016.6.15
서울특별시 노원구청,서울특별시 노원구 수락산로6길36,"서울특별시 노원구 상계3,4동85-86",쓰레기단속,1,200,,30,13.Jan,02-2116-4919,37.666062,127.075175,2016.6.15
서울특별시 노원구청,서울특별시 노원구 수락산로26-1,"서울특별시 노원구 상계3,4동140-47",쓰레기단속,1,200,,30,13.Jan,02-2116-4919,37.665178,127.073413,2016.6.15
서울특별시 노원구청,서울특별시 노원구 덕릉로130길12,"서울특별시 노원구 상계3,4동71-138",쓰레기단속,1,200,,30,13.Jan,02-2116-4919,37.671929,127.083619,2016.6.15
서울특별시 노원구청,서울특별시 노원구 한글비석로24바길36,"서울특별시 노원구 상계3,4동138-39",쓰레기단속,1,200,,30,13.Jan,02-2116-4919,37.66467,127.072415,2016.6.15
서울특별시 노원구청,서울특별시 노원구 한글비석로24바길66,"서울특별시 노원구 상계3,4동138-122",쓰레기단속,1,200,,30,13.Jan,02-2116-4919,37.665623,127.0712,2016.6.15
서울특별시 노원구청,서울특별시 노원구 수락산로23,"서울특별시 노원구 상계3,4동138-165",쓰레기단속,1,200,,30,13.Jan,02-2116-4919,37.664826,127.073478,2016.6.15
서울특별시 노원구청,서울특별시 노원구 상계로37길5-4,"서울특별시 노원구 상계3,4동111-274",쓰레기단속,1,200,,30,13.Jan,02-2116-4919,37.671017,127.078587,2016.6.15
서울특별시 노원구청,서울특별시 노원구 상계로23나길40,서울특별시 노원구 상계5동169-87,쓰레기단속,1,200,,30,13.Jan,02-2116-4919,37.659701,127.07069,2016.6.15
서울특별시 노원구청,서울특별시 노원구 한글비석로24길27,서울특별시 노원구 상계5동169-129,쓰레기단속,1,200,,30,13.Jan,02-2116-4919,37.662047,127.072062,2016.6.15
서울특별시 노원구청,서울특별시 노원구 한글비석로24나길31,서울특별시 노원구 상계5동169-401,쓰레기단속,1,200,,30,13.Jan,02-2116-4919,37.662968,127.070748,2016.6.15
서울특별시 노원구청,서울특별시 노원구 한글비석로24라길65,서울특별시 노원구 상계5동135-35,쓰레기단속,1,200,,30,13.Jan,02-2116-4919,37.66363,127.069152,2016.6.15
서울특별시 노원구청,서울특별시 노원구 한글비석로24바길84-6,서울특별시 노원구 상계5동136-10,쓰레기단속,1,200,,30,13.Jan,02-2116-4919,37.666384,127.070621,2016.6.15
서울특별시 노원구청,서울특별시 노원구 한글비석로25길9,서울특별시 노원구 상계5동169-485,쓰레기단속,1,200,,30,13.Jan,02-2116-4919,37.660744,127.070711,2016.6.15
서울특별시 노원구청,서울특별시 노원구 한글비석로29길13,서울특별시 노원구 상계5동389-132,쓰레기단속,1,200,,30,13.Jan,02-2116-4919,37.660879,127.070127,2016.6.15
서울특별시 노원구청,서울특별시 노원구 덕릉로94가길63,서울특별시 노원구 상계동95-8,쓰레기단속,1,200,,30,13.Jan,02-2116-4919,37.6651,127.078552,2016.6.15
서울특별시 노원구청,서울특별시 노원구 한글비석로41가길27,서울특별시 노원구 상계5동449-16,쓰레기단속,1,200,,30,13.Jan,02-2116-4919,37.66251,127.067113,2016.6.15
서울특별시 노원구청,서울특별시 노원구 한글비석로47길46,서울특별시 노원구 상계5동456-113,쓰레기단속,1,200,,30,13.Jan,02-2116-4919,37.662069,127.06661,2016.6.15
서울특별시 노원구청,서울특별시 노원구 한글비석로49길64,서울특별시 노원구 상계5동456-49,쓰레기단속,1,200,,30,13.Jan,02-2116-4919,37.66155,127.066128,2016.6.15
서울특별시 노원구청,서울특별시 노원구 한글비석로426,서울특별시 노원구 상계5동169-370,쓰레기단속,1,200,,30,13.Jan,02-2116-4919,37.662301,127.069863,2016.6.15
서울특별시 노원구청,서울특별시 노원구 수락산로63,서울특별시 노원구 상계5동134-6,쓰레기단속,1,200,,30,13.Jan,02-2116-4919,37.667251,127.070064,2016.6.15
서울특별시 노원구청,서울특별시 노원구 상계로37가길38,"서울특별시 노원구 상계3,4동111-354",쓰레기단속,1,200,,30,14.Jan,02-2116-4919,37.672511,127.0799,2016.6.15
서울특별시 노원구청,서울특별시 노원구 상계로1길 34 한아름공원,서울특별시 노원구 상계10동 692-3 한아름어린이공원 ,다목적,2,41,,30,9.Jan,02-2116-4919,37.657519,127.061812,2016.6.15
서울특별시 노원구청,서울특별시 노원구 동일로221길 32 용화공원,서울특별시 노원구 상계10동 695-1 용화어린이공원,다목적,2,41,,30,10.Jan,02-2116-4919,37.656271,127.062407,2016.6.15
서울특별시 노원구청,서울특별시 노원구 한글비석로54길 92 종달새공원,서울특별시 노원구 상계9동 636 종달새어린이공원,다목적,3,41,,30,10.Jan,02-2116-4919,37.667643,127.062072,2016.6.15
서울특별시 노원구청,서울특별시 노원구 노원로564 민들레공원,서울특별시 노원구 상계8동 667 민들레어린이공원,다목적,3,41,,30,10.Jan,02-2116-4919,37.662999,127.05545,2016.6.15
서울특별시 노원구청,서울특별시 노원구 한글비석로585 상록수공원,서울특별시 노원구 상계8동 663 상록수어린이공원,다목적,4,130,,30,12.Jan,02-2116-4919,37.66413,127.052718,2016.6.15
서울특별시 노원구청,서울특별시 노원구 동일로227길 26 삼들공원,서울특별시 노원구 상계8동 623 삼들어린이공원,다목적,2,41,,30,10.Jan,02-2116-4919,37.668625,127.053371,2016.6.15
서울특별시 노원구청,서울특별시 노원구 동일로227길 86 호돌이공원,서울특별시 노원구 상계8동 622 호돌이어린이공원,다목적,2,41,,30,10.Jan,02-2116-4919,37.668625,127.053371,2016.6.15
서울특별시 노원구청,서울특별시 노원구 덕릉로83길 14-7 당현공원,서울특별시 노원구 중계4동 154-7 당현어린이공원,다목적,1,41,,30,10.Jan,02-2116-4919,37.660287,127.074657,2016.6.15
서울특별시 노원구청,서울특별시 노원구 한글비석로14길 8 갓바위공원,서울특별시 노원구 중계4동 369-6 갓바위어린이공원,다목적,3,41,,30,10.Jan,02-2116-4919,37.657462,127.078693,2016.6.15
서울특별시 노원구청,서울특별시 노원구 덕릉로94가길 54 불암공원,"서울특별시 노원구 상계3,4동 1275-4 불암어린이공원",다목적,2,130,,30,12.Jan,02-2116-4919,37.664554,127.078693,2016.6.15
서울특별시 노원구청,서울특별시 노원구 한글비석로46길 36 무궁화공원,서울특별시 노원구 상계5동 135-77 무궁화어린이공원,다목적,1,41,,30,9.Jan,02-2116-4919,37.666163,127.069408,2016.6.15
서울특별시 노원구청,서울특별시 노원구 동일로250길 17 샛별공원,서울특별시 노원구 상계1동 1264-1 샛별어린이공원,다목적,2,130,,30,12.Jan,02-2116-4919,37.682822,127.056686,2016.6.15
서울특별시 노원구청,서울특별시 노원구 동일로248길 30 늘푸른공원,서울특별시 노원구 상계1동 1265-1 늘푸른어린이공원,다목적,2,41,,30,10.Jan,02-2116-4919,37.680465,127.056816,2016.6.15
서울특별시 노원구청,서울특별시 노원구 석계로15길 12 연천내공원,서울특별시 노원구 월계1동 411-50 연천내어린이공원,다목적,1,41,,30,10.Jan,02-2116-4919,37.622444,127.060792,2016.6.15
서울특별시 노원구청,서울특별시 노원구 월계로325 각심공원,서울특별시 노원구 월계2동 555 각심어린이공원,다목적,4,41,,30,9.Jan,02-2116-4919,37.628164,127.052735,2016.6.15
서울특별시 노원구청,서울특별시 노원구 초안산로5길 22 초안공원,서울특별시 노원구 월계2동 775-1 초안어린이공원,다목적,2,41,,30,10.Jan,02-2116-4919,37.633153,127.051441,2016.6.15
서울특별시 노원구청,서울특별시 노원구 월계로55길 49 매봉공원,서울특별시 노원구 월계3동 320-6 매봉어린이공원,다목적,3,41,,30,10.Jan,02-2116-4919,37.633196,127.059046,2016.6.15
서울특별시 노원구청,서울특별시 노원구 월계로372 나팔꽃공원,서울특별시 노원구 월계3동 321 나팔꽃어린이공원,다목적,4,130,,30,12.Jan,02-2116-4919,37.629999,127.060513,2016.6.15
서울특별시 노원구청,서울특별시 노원구 화랑로51길 81 청솔공원,서울특별시 노원구 공릉2동 110-2 청솔어린이공원,다목적,2,41,,30,9.Jan,02-2116-4919,37.624662,127.087578,2016.6.15
서울특별시 노원구청,서울특별시 노원구 중계로184 천보공원,서울특별시 노원구 중계본동 366-1 천보어린이공원,다목적,2,41,,30,9.Jan,02-2116-4919,37.651934,127.079523,2016.6.15
서울특별시 노원구청,서울특별시 노원구 노원로22길 34  꿈동산공원,서울특별시 노원구 중계1동 361-2 꿈동산어린이공원,다목적,2,130,,30,12.Jan,02-2116-4919,37.646851,127.072768,2016.6.15
서울특별시 노원구청,서울특별시 노원구 노원로22길 71 다람쥐공원,서울특별시 노원구 중계1동 360-15 다람쥐어린이공원,다목적,3,130,,30,12.Jan,02-2116-4919,37.648549,127.074487,2016.6.15
서울특별시 노원구청,서울특별시 노원구 동일로215길 23 감나무공원,"서울특별시 노원구 상계6,7동 741-2 감나무어린이공원",다목적,3,41,,30,10.Jan,02-2116-4919,37.649807,127.058742,2016.6.15
서울특별시 노원구청,서울특별시 노원구 동일로215길 23 까치공원,"서울특별시 노원구 상계6,7동 741-1 까치어린이공원",다목적,1,41,,30,10.Jan,02-2116-4919,37.649807,127.058742,2016.6.15
서울특별시 노원구청,서울특별시 노원구 동일로21 사랑공원,"서울특별시 노원구 상계6,7동 765-1 사랑어린이공원",다목적,2,41,,30,9.Jan,02-2116-4919,37.658303,127.062931,2016.6.15
서울특별시 노원구청,서울특별시 노원구 노해로508 엄지공원,"서울특별시 노원구 상계6,7동 720-4 엄지어린이공원",다목적,2,41,,30,10.Jan,02-2116-4919,37.653688,127.064743,2016.6.15
서울특별시 노원구청,서울특별시 노원구 덕릉로94가길 58 불암산허브공원,"서울특별시 노원구 상계3,4동 95-370 불암산허브공원",다목적,3,130,,30,12.Jan,02-2116-4919,37.664733,127.078737,2016.6.15
서울특별시 노원구청,서울특별시 노원구 노원로532 달빛공원,서울특별시 노원구 상계10동 670-1 달빛어린이공원,다목적,2,130,,30,12.Jan,02-2116-4919,37.662852,127.060267,2016.6.15
서울특별시 노원구청,서울특별시 노원구 한글비석로5길 45 한글비공원,서울특별시 노원구 하계1동 288-2 한글비공원,다목적,4,130,,30,12.Jan,02-2116-4919,37.645926,127.073552,2016.6.15
서울특별시 노원구청,서울특별시 노원구 중계로36 불암산체육공원,서울특별시 노원구 공릉2동 141-2 불암산체육공원,다목적,5,130,,30,12.Jan,02-2116-4919,37.63912,127.084007,2016.6.15
서울특별시 노원구청,서울특별시 노원구 동일로242라길 21-11 상계1동쌈지공원,서울특별시 노원구 상계1동 1116-59 상계1동쌈지공원,다목적,1,130,,30,12.Jan,02-2116-4919,37.676808,127.058016,2016.6.15
서울특별시 노원구청,서울특별시 노원구 중계로230 새싹공원,서울특별시 노원구 중계1동 359-2 새싹어린이공원,다목적,2,41,,30,9.Jan,02-2116-4919,37.652713,127.075603,2016.6.15
서울특별시 노원구청,서울특별시 노원구 섬밭로313 들국화공원,"서울특별시 노원구 중계2,3동 501 들국화어린이공원",다목적,4,41,,30,9.Jan,02-2116-4919,37.643276,127.061501,2016.6.15
서울특별시 노원구청,서울특별시 노원구 한글비석로41길 11 상계5동쌈지공원,서울특별시 노원구 상계5동 167-18 상계5동쌈지공원,다목적,1,130,,30,13.Jan,02-2116-4919,37.662151,127.068871,2016.6.15
서울특별시 노원구청,서울특별시 노원구 수락산로174 수락산산책로,서울특별시 노원구 상계9동 산117 수락산 산책로,다목적,3,130,,30,13.Jan,02-2116-4919,37.670155,127.059783,2016.6.15
서울특별시 노원구청,서울특별시 노원구 덕릉로76길 29 꿈나라공원,서울특별시 노원구 중계4동 358-1 꿈나라어린이공원,다목적,2,130,,30,13.Jan,02-2116-4919,37.655472,127.076997,2016.6.15
서울특별시 노원구청,서울특별시 노원구 덕릉로94길 73 불암산공원관리소,서울특별시 노원구 중계4동 산26 불암산 관리사무소,다목적,1,130,,30,13.Jan,02-2116-4919,37.661929,127.079263,2016.6.15
서울특별시 노원구청,서울특별시 노원구 동일로250길 83 수락산도시자연공원,서울특별시 노원구 상계1동 산42-2 백운동천 수락산도시자연공원,다목적,7,130,,30,13.Jan,02-2116-4919,37.682867,127.060091,2016.6.15
서울특별시 노원구청,서울특별시 노원구 동일로210길 86 가재울근린공원,"서울특별시 노원구 중계2,3동 515-4 가재울근린공원",다목적,4,130,,30,13.Jan,02-2116-4919,37.64917,127.067046,2016.6.15
서울특별시 노원구청,서울특별시 노원구 동일로214길 21 원터근린공원,"서울특별시 노원구 상계6,7동 753-2 원터근린공원",다목적,2,130,,30,13.Jan,02-2116-4919,37.650413,127.064299,2016.6.15
서울특별시 노원구청,서울특별시 노원구 화랑로51길 17 솔밭근린공원,서울특별시 노원구 공릉2동 111-1 솔밭근린공원,다목적,1,130,,30,13.Jan,02-2116-4919,37.623402,127.088499,2016.6.15
서울특별시 노원구청,서울특별시 노원구 덕릉로145길 101 유아숲공원,"서울특별시 노원구 상계3,4동 산155-1 유아숲공원",다목적,1,200,,30,13.Jan,02-2116-4919,37.683845,127.085441,2016.6.15
서울특별시 노원구청,서울특별시 노원구 상계8동 620 상계근린공원,서울특별시 노원구 상계8동 620 상계근린공원,다목적,6,130,,30,14.Jan,02-2116-4919,37.66897,127.050568,2016.6.15
서울특별시 노원구청,"서울특별시 노원구 상계3,4동 산151-1 분수대","서울특별시 노원구 상계3,4동 산151-1 당고개근린공원",다목적,6,41,,30,14.Jan,02-2116-4919,37.669018,127.07715,2016.6.15
서울특별시 노원구청,서울특별시 노원구 상계5동 456-146 나누리 마을마당,서울특별시 노원구 상계5동 456-145 나누리 마을마당,다목적,1,200,,30,14.Jan,02-2116-4919,37.665572,127.066746,2016.6.15
서울특별시 노원구청,서울특별시 노원구 덕릉로 483 달맞이 근린공원,서울특별시 노원구 중계동 500 달맞이 근린공원,다목적,2,200,,30,14.Jan,02-2116-4919,37.645621,127.062584,2016.6.15
서울특별시 노원구청,서울특별시 노원구 동일로 214길 21 원터 근린공원,"서울특별시 노원구 상계6,7동 753-2 원터 근린공원",다목적,2,200,,30,14.Jan,02-2116-4919,37.650413,127.064299,2016.6.15
서울특별시 노원구청,"서울특별시 노원구 상계6,7동 757 물보라 어린이공원","서울특별시 노원구 상계6,7동 756 물보라 어린이공원",다목적,1,200,,30,14.Jan,02-2116-4919,37.651583,127.067276,2016.6.15
서울특별시 노원구청,서울특별시 노원구 하계2동 273-3 하계 어린이공원,서울특별시 노원구 하계2동 273-3 하계 어린이공원,다목적,5,200,,30,14.Jan,02-2116-4919,37.632216,127.068883,2016.6.15
서울특별시 노원구청,서울특별시 노원구 하계1동 278 해바라기 어린이공원,서울특별시 노원구 하계1동 277 해바라기 어린이공원,다목적,1,200,,30,14.Jan,02-2116-4919,37.635379,127.071414,2016.6.15
서울특별시 노원구청,서울특별시 노원구 동일로191가길 37 나래 어린이공원,서울특별시 노원구 공릉동 380-4 나래 어린이공원,다목적,1,200,,30,14.Jan,02-2116-4919,37.626697,127.070763,2016.6.15
서울특별시 노원구청,서울특별시 노원구 공릉2동 90 무지개 어린이공원,서울특별시 노원구 공릉2동 89 무지개 어린이공원,다목적,1,200,,30,14.Jan,02-2116-4919,37.621346,127.084953,2016.6.15
서울특별시 노원구청,서울특별시 노원구 중계4동 453-39 불암소공원,서울특별시 노원구 중계4동 453-38 불암소공원,다목적,1,200,,30,14.Jan,02-2116-4919,37.657932,127.072198,2016.6.15
서울특별시 노원구청,서울특별시 노원구 마들로 5가길 113 초안산근린공원,서울특별시 노원구 월계2동 산63-1 초안산근린공원,다목적,4,40,,30,14.Jan,02-2116-4919,37.638323,127.051947,2016.6.15
서울특별시 노원구청,서울특별시 노원구 동일로1229 중계근린공원,서울특별시 노원구 중계동 507-3  중계근린공원,다목적,6,200,,30,14.Jan,02-2116-4919,37.638841,127.066123,2016.6.15
서울특별시 노원구청,서울특별시 노원구 동일로1238 등나무근린공원,서울특별시 노원구 중계동 508 등나무근린공원,다목적,4,40,,30,14.Jan,02-2116-4919,37.658303,127.062931,2016.6.15
서울특별시 노원구청,서울특별시 노원구 화랑로 331 석계역문화공원,서울특별시 노원구 월계동 47-45 석계역문화공원,다목적,2,300,,30,14.Jan,02-2116-4919,37.614924,127.064546,2016.6.15
서울특별시 노원구청,서울특별시 노원구 동일로184길 20,서울특별시 노원구 공릉1동 517-13 샘말공원,다목적,1,200,,30,15.Jan,02-2116-4919,37.623826,127.075144,2016.6.15